id,name,description,field_1,field_2,field_3,field_4,field_5,field_6,value,field_8,field_9,icon,detail_icon
901101,残陶碗,民窑破碗，底足无款，市井旧物,1,1,1,2,2,4,285,0,0,icon_cp_gd_01_001,icon_dj_cp_gd_01_001
901102,碎瓷片,碎青花瓷片，发色杂乱，垫桌角尚可,1,1,1,2,2,4,689,0,0,icon_cp_gd_01_002,icon_dj_cp_gd_01_002
901103,旧铜烟嘴,铜皮木杆烟嘴，旧物一枚，无收藏溢价,1,1,1,2,1,2,227,0,0,icon_cp_gd_01_003,icon_dj_cp_gd_01_003
901104,旧铜锁,老铜锁簧片锈死，钥匙早已丢失,1,1,1,2,2,4,414,0,0,icon_cp_gd_01_004,icon_dj_cp_gd_01_004
901105,小木摆件,杂木小雕件，刀法简拙，市井摆件,1,1,1,2,1,2,418,0,0,icon_cp_gd_01_005,icon_dj_cp_gd_01_005
901106,窗花剪纸,旧窗花剪纸，红色鲜艳，节庆装饰,1,1,1,1,1,1,147,0,0,icon_cp_gd_01_006,icon_dj_cp_gd_01_006
901107,粗陶泥偶,手工粗陶泥偶，指痕尚在，拙朴无华,1,1,1,1,2,2,205,0,0,icon_cp_gd_01_007,icon_dj_cp_gd_01_007
901108,草编鲤鱼,草编鲤鱼，稻草泛黄，民俗小物件,1,1,1,2,2,4,373,0,0,icon_cp_gd_01_008,icon_dj_cp_gd_01_008
901109,贝币串,仿古贝币串，打磨光润，年代不可考,1,1,1,1,1,1,151,0,0,icon_cp_gd_01_009,icon_dj_cp_gd_01_009
901110,骨针筒,骨制针筒，简刻线纹，旧时女红之物,1,1,1,2,1,2,197,0,0,icon_cp_gd_01_010,icon_dj_cp_gd_01_010
901201,民国小瓷杯,民国薄胎搪瓷杯，彩绘花卉，旧器一枚,1,1,2,2,2,4,818,0,0,icon_cp_gd_02_001,icon_dj_cp_gd_02_001
901202,民国小砚台,民国端石小砚，磨痕深陷，入门文房件,1,1,2,2,2,4,844,0,0,icon_cp_gd_02_002,icon_dj_cp_gd_02_002
901203,清代小铜件,清铜杂件，包浆自然，无名匠之作,1,1,2,2,2,4,1654,0,0,icon_cp_gd_02_003,icon_dj_cp_gd_02_003
901204,木雕小摆件,民间木雕人物，有年头无稀缺，刀法简拙,1,1,2,1,2,2,476,0,0,icon_cp_gd_02_004,icon_dj_cp_gd_02_004
901205,民俗小银饰,民俗银饰，錾刻花纹，银质光亮,1,1,2,1,2,2,1004,0,0,icon_cp_gd_02_005,icon_dj_cp_gd_02_005
901206,木梭子,织布木梭，梭身磨光，老式手工纺织遗物,1,1,2,2,1,2,451,0,0,icon_cp_gd_02_006,icon_dj_cp_gd_02_006
901207,竹节笔,天然竹根毛笔，文房常物，朴素实用,1,1,2,1,1,1,266,0,0,icon_cp_gd_02_007,icon_dj_cp_gd_02_007
901208,玛瑙棋,玛瑙棋子，质地浑浊，打磨粗糙,1,1,2,1,1,1,294,0,0,icon_cp_gd_02_008,icon_dj_cp_gd_02_008
901209,锡制酒壶,锡酒壶，民间常见旧酒器,1,1,2,1,1,1,342,0,0,icon_cp_gd_02_009,icon_dj_cp_gd_02_009
901210,陶埙,陶埙，葫芦造型，多孔，吹孔已有磨损,1,1,2,1,1,1,358,0,0,icon_cp_gd_02_010,icon_dj_cp_gd_02_010
901301,檀香折扇,檀木折扇，骨薄匀称，闭合时有幽香,1,1,3,2,2,4,2246,0,0,icon_cp_gd_03_001,icon_dj_cp_gd_03_001
901302,青花小杯,清青花小杯，发色灰蓝，绘莲花小品,1,1,3,1,1,1,970,0,0,icon_cp_gd_03_002,icon_dj_cp_gd_03_002
901303,瓷板画小件,粉彩瓷板画，绘牡丹小品，镶木框可立,1,1,3,3,2,6,3529,0,0,icon_cp_gd_03_003,icon_dj_cp_gd_03_003
901304,红木小件,红木小雕件，材质上佳，打磨光滑,1,1,3,2,1,2,3011,0,0,icon_cp_gd_03_004,icon_dj_cp_gd_03_004
901305,清代小银壶,清银质小壶，锤目纹饰面，壶嘴线条流畅,1,1,3,2,2,4,3107,0,0,icon_cp_gd_03_005,icon_dj_cp_gd_03_005
901306,掐丝小摆件,景泰蓝小摆件，掐丝勾整，五彩花卉纹饰,1,1,3,1,2,2,1475,0,0,icon_cp_gd_03_006,icon_dj_cp_gd_03_006
901307,石狮子,镇宅石狮，蹲坐粗雕，威严古朴,1,1,3,4,4,16,12810,0,0,icon_cp_gd_03_007,icon_dj_cp_gd_03_007
901308,骨笛,兽骨多孔笛，音色苍凉，吹口已有裂,1,1,3,1,2,2,1782,0,0,icon_cp_gd_03_008,icon_dj_cp_gd_03_008
901309,琉璃盏,手工琉璃盏，色彩斑斓，透光流光溢彩,1,1,3,2,2,4,2794,0,0,icon_cp_gd_03_009,icon_dj_cp_gd_03_009
901310,银烛台,银烛台，錾刻纹饰，民间实用照明器,1,1,3,2,3,6,3145,0,0,icon_cp_gd_03_010,icon_dj_cp_gd_03_010
901311,银制酒壶,民国银酒壶，刻团花纹，包浆自然精细,1,1,3,1,1,1,845,0,0,icon_cp_gd_03_011,icon_dj_cp_gd_03_011
901401,雍正青花赏瓶,雍正官窑青花，发色翠蓝胎轻薄，宫廷陈设器,1,1,4,3,3,9,33150,0,0,icon_cp_gd_04_001,icon_dj_cp_gd_04_001
901402,汉白玉石狮,汉代石狮蹲坐镇宅，汉白玉质，风化无损真品相,1,1,4,2,2,4,8408,0,0,icon_cp_gd_04_002,icon_dj_cp_gd_04_002
901403,建窑兔毫盏,宋建窑兔毫盏，斗茶名器，黑釉银毫定胜负,1,1,4,2,2,4,10050,0,0,icon_cp_gd_04_003,icon_dj_cp_gd_04_003
901404,海兽葡萄镜,唐青铜海兽葡萄镜，高浮雕工艺，传世极少上过脸,1,1,4,5,2,10,14280,0,0,icon_cp_gd_04_004,icon_dj_cp_gd_04_004
901405,和田玉瑞兽,和田白玉圆雕瑞兽，留桂花黄皮，古人随身护符,1,1,4,2,2,4,9231,0,0,icon_cp_gd_04_005,icon_dj_cp_gd_04_005
901406,端石老坑砚,端砚老坑石，呵气可成墨，文房传家之物,1,1,4,2,2,4,18640,0,0,icon_cp_gd_04_006,icon_dj_cp_gd_04_006
901407,实木佛龛,实木精雕佛龛，歇山顶微缩庙宇，匠心数月之功,1,1,4,1,1,1,3662,0,0,icon_cp_gd_04_007,icon_dj_cp_gd_04_007
901408,景泰蓝小炉,明景泰蓝小香炉，铜胎掐丝珐琅，麻雀虽小五脏俱全,1,1,4,1,1,1,3461,0,0,icon_cp_gd_04_008,icon_dj_cp_gd_04_008
901409,古旧围屏,六扇硬木围屏，绢本绘山水，传家三代的老家具,1,1,4,2,3,6,13330,0,0,icon_cp_gd_04_009,icon_dj_cp_gd_04_009
901410,北魏佛造像,北魏砂岩佛造像，褒衣博带，笑容越自然越贵,1,1,4,2,2,4,9688,0,0,icon_cp_gd_04_010,icon_dj_cp_gd_04_010
901501,错金铜博山炉,西汉错金铜博山炉，炉盖铸成层叠仙山，点燃香料烟气从山间溢出如云雾,1,1,5,3,2,6,45500,19,5,icon_cp_gd_05_001,icon_dj_cp_gd_05_001
901502,商代青铜鼎,商青铜礼器，双立耳三柱足，问鼎中原的源头,1,1,5,2,3,6,50880,21,6,icon_cp_gd_05_002,icon_dj_cp_gd_05_002
901503,永乐青花罐,永乐青花铁锈斑深入胎骨，后世仿品浮于面，一摸便知,1,1,5,3,3,9,130000,54,14,icon_cp_gd_05_003,icon_dj_cp_gd_05_003
901504,龙泉青瓷梅瓶,龙泉粉青釉梅瓶，宋瓷巅峰色，青如天明如镜,1,1,5,3,3,9,75320,31,8,icon_cp_gd_05_004,icon_dj_cp_gd_05_004
901505,乾隆青花赏瓶,乾隆官窑青花，有瑕疵当场砸碎，传世件件完美,1,1,5,1,3,3,27670,12,3,icon_cp_gd_05_005,icon_dj_cp_gd_05_005
901506,曾侯乙编钟,战国青铜编钟，五度音域齐备，出土仍能奏今曲,1,1,5,6,1,6,102700,43,11,icon_cp_gd_05_006,icon_dj_cp_gd_05_006
901507,白玉如意杯,整块和田白玉雕琢，清宫选料极严，次品不入宫,1,1,5,1,1,1,11960,5,1,icon_cp_gd_05_007,icon_dj_cp_gd_05_007
901508,唐三彩马,唐三彩釉马，黄绿白三色写实，随葬明器今成拍场宠儿,1,1,5,3,3,9,62450,26,7,icon_cp_gd_05_008,icon_dj_cp_gd_05_008
901509,汝窑天青盏,汝窑天青釉，开片如冰裂，存世不足百件谜题未解,1,1,5,1,1,1,11830,5,1,icon_cp_gd_05_009,icon_dj_cp_gd_05_009
901510,岭南青铜鼓,岭南青铜鼓，太阳纹鼓面羽人舞纹，集权集兵的战神之音,1,1,5,2,2,4,73110,30,8,icon_cp_gd_05_010,icon_dj_cp_gd_05_010
901511,沪上老座钟,老上海红木座钟，德法机芯配中式外壳，外滩百年钟声,1,1,5,2,3,6,46970,20,5,icon_cp_gd_05_011,icon_dj_cp_gd_05_011
901512,良渚玉笛,良渚玉笛，五千年前透闪石磨制，祭天礼器或无解的乐声,1,1,5,1,4,4,38390,16,4,icon_cp_gd_05_012,icon_dj_cp_gd_05_012
901601,青铜大立人像,三星堆青铜大立人像，商代晚期祭祀重器，通高两米六，全世界同期最高的青铜人像,1,1,6,3,3,9,637300,266,70,icon_cp_gd_06_001,icon_dj_cp_gd_06_001
901602,传国玉玺,和氏璧所刻受命于天，历代帝王正统之凭，真品下落千年未解,1,1,6,2,2,4,1883000,785,210,icon_cp_gd_06_002,icon_dj_cp_gd_06_002
901603,越王勾践剑,越王勾践青铜剑，菱形暗纹防锈未解，出土利可断纸传了两千年,1,1,6,4,2,8,1280000,533,140,icon_cp_gd_06_003,icon_dj_cp_gd_06_003
901604,南越王铁剑,西汉南越铁剑，岭南冶铁技术与中原同步，铁器比青铜更难留存,1,1,6,4,2,8,333400,139,37,icon_cp_gd_06_004,icon_dj_cp_gd_06_004
901605,南宋官窑瓶,南宋杭州官窑，粉青釉开片如冰裂，次品当场打碎深埋不出宫,1,1,6,2,2,4,520900,217,57,icon_cp_gd_06_005,icon_dj_cp_gd_06_005
901606,民国粉彩大瓶,民国粉彩大瓶绘人物故事，瓷画分离分工细致，乱世未乱瓷艺,1,1,6,4,4,16,475600,198,52,icon_cp_gd_06_006,icon_dj_cp_gd_06_006
901607,翡翠观音,冰种飘花翡翠观音，海外回流品，每次归来身价翻倍,1,1,6,1,3,3,157500,66,17,icon_cp_gd_06_007,icon_dj_cp_gd_06_007
901608,九龙玉杯,康熙御用白玉九龙杯，随葬景陵后被盗，香港传闻中的传奇玉杯,1,1,6,2,2,4,213900,89,24,icon_cp_gd_06_008,icon_dj_cp_gd_06_008
901609,金缕玉衣,汉代金缕玉衣，数百片玉石以金丝缀连成人形，王侯最高级别葬服,1,1,6,2,2,4,173600,72,19,icon_cp_gd_06_009,icon_dj_cp_gd_06_009
901610,金佛塔,鎏金铜佛塔，塔身分层开龛供佛，佛教七宝之一,1,1,6,2,2,4,157200,66,17,icon_cp_gd_06_010,icon_dj_cp_gd_06_010
901611,曜变天目盏,宋建窑曜变天目，釉面流转星云般的蓝紫光，全球不足十件日本三件为国宝,1,1,6,1,1,1,129000,54,14,icon_cp_gd_06_011,icon_dj_cp_gd_06_011
902101,镀金铁链,铁皮镀金链饰，镀层脱落露底铁，廉价饰品级,1,2,1,3,3,9,657,0,0,icon_cp_zb_01_001,icon_dj_cp_zb_01_001
902102,玻璃仿珠,玻璃制仿珍珠，表面漆层，放大镜下见气泡,1,2,1,2,2,4,362,0,0,icon_cp_zb_01_002,icon_dj_cp_zb_01_002
902103,碎银粒,碎银料氧化发黑，形态不规则，含银量低,1,2,1,2,2,4,396,0,0,icon_cp_zb_01_003,icon_dj_cp_zb_01_003
902104,铜镀银扣,铜底镀银纽扣，镀层薄花纹模糊,1,2,1,2,2,4,731,0,0,icon_cp_zb_01_004,icon_dj_cp_zb_01_004
902105,普通玉碎料,杂玉碎料质地粗糙，颜色混杂无雕琢价值,1,2,1,1,2,2,258,0,0,icon_cp_zb_01_005,icon_dj_cp_zb_01_005
902106,贝壳饰片,天然贝壳打磨成片，纹理平淡有细微裂纹,1,2,1,1,1,1,136,0,0,icon_cp_zb_01_006,icon_dj_cp_zb_01_006
902107,仿玉,塑料仿玉石偏轻，无天然玉冰凉触感,1,2,1,1,1,1,291,0,0,icon_cp_zb_01_007,icon_dj_cp_zb_01_007
902108,仿玻璃,玻璃冒充钻石，折射率低火彩不明显,1,2,1,1,1,1,146,0,0,icon_cp_zb_01_008,icon_dj_cp_zb_01_008
902109,合金珍珠,合金底座镶塑料珠，珠光层易脱落,1,2,1,1,1,1,120,0,0,icon_cp_zb_01_009,icon_dj_cp_zb_01_009
902110,树脂仿翡翠,树脂注色仿翡翠，紫外灯下荧光反应明显,1,2,1,1,1,1,283,0,0,icon_cp_zb_01_010,icon_dj_cp_zb_01_010
902301,珍珠项链,淡水珍珠项链，珠粒饱满，光泽柔和,1,2,3,3,3,9,5331,0,0,icon_cp_zb_03_001,icon_dj_cp_zb_03_001
902302,翡翠小牌,糯种翡翠方牌，底色偏灰绿质地中等,1,2,3,2,2,4,3427,0,0,icon_cp_zb_03_002,icon_dj_cp_zb_03_002
902303,银戒指,925银戒指，简约光面，质感细腻,1,2,3,2,2,4,5598,0,0,icon_cp_zb_03_003,icon_dj_cp_zb_03_003
902304,红珊瑚枝,浅海珊瑚枝鲜红色，表面有天然细孔,1,2,3,2,2,4,3113,0,0,icon_cp_zb_03_004,icon_dj_cp_zb_03_004
902305,贝壳仿珠,蓝色刻面仿宝石，通透闪亮，光泽偏塑料,1,2,3,2,2,4,2799,0,0,icon_cp_zb_03_005,icon_dj_cp_zb_03_005
902306,普通水晶,工业级白水晶，内含绵絮状包裹体,1,2,3,1,1,1,956,0,0,icon_cp_zb_03_006,icon_dj_cp_zb_03_006
902307,石榴石,酒红色石榴石切割规整，日常饰品级,1,2,3,1,1,1,2142,0,0,icon_cp_zb_03_007,icon_dj_cp_zb_03_007
902308,月光石,蓝色月光石朦胧光晕，半宝石入门之选,1,2,3,1,1,1,914,0,0,icon_cp_zb_03_008,icon_dj_cp_zb_03_008
902309,水晶小坠,绿色东陵玉原石吊坠，砂金效应明显,1,2,3,1,1,1,1082,0,0,icon_cp_zb_03_009,icon_dj_cp_zb_03_009
902310,人造非洲之心,心形刻面蓝色仿宝石，通透闪亮,1,2,3,1,1,1,1029,0,0,icon_cp_zb_03_010,icon_dj_cp_zb_03_010
902401,猫眼石戒,金绿猫眼戒，眼线锐利，转动时光带跟随，五大名宝之一,1,2,4,2,2,4,10500,0,0,icon_cp_zb_04_001,icon_dj_cp_zb_04_001
902402,红宝石戒,鸽血红红宝石戒面，颜色浓郁，缅甸抹谷矿区顶级品,1,2,4,2,2,4,10100,0,0,icon_cp_zb_04_002,icon_dj_cp_zb_04_002
902403,翡翠平安扣,冰糯种翡翠平安扣，水头足飘绿花，最简造型寓意圆满,1,2,4,2,2,4,8597,0,0,icon_cp_zb_04_003,icon_dj_cp_zb_04_003
902404,琥珀,蜜黄色琥珀含微小气泡，千万年松脂化石常含远古内含物,1,2,4,2,2,4,8297,0,0,icon_cp_zb_04_004,icon_dj_cp_zb_04_004
902405,海水珍珠坠,海水珍珠吊坠，正圆强光珠层厚，唯一无需切割打磨的宝石,1,2,4,2,2,4,19190,0,0,icon_cp_zb_04_005,icon_dj_cp_zb_04_005
902406,1克拉钻石,商业级1克拉圆钻H色VS2，57-58刻面实现光线全内反射,1,2,4,1,1,1,3859,0,0,icon_cp_zb_04_006,icon_dj_cp_zb_04_006
902407,金镶玉坠,金镶翡翠吊坠，18K金托嵌蛋面，软金包硬玉的工艺考验,1,2,4,4,2,8,18890,0,0,icon_cp_zb_04_007,icon_dj_cp_zb_04_007
902408,祖母绿小料,哥伦比亚祖母绿小料，翠绿浓郁含天然包裹体,1,2,4,1,1,1,4226,0,0,icon_cp_zb_04_008,icon_dj_cp_zb_04_008
902409,珍珠,淡水珍珠正圆强光，直径约8mm，蚌用身体包裹沙粒的产物,1,2,4,1,1,1,3675,0,0,icon_cp_zb_04_009,icon_dj_cp_zb_04_009
902410,蓝宝石吊坠,天然蓝宝石吊坠，切面工整，台面反光均匀。蓝调正，不偏紫不偏灰，入门彩宝里的稳选,1,2,4,1,1,1,7130,0,0,icon_cp_zb_04_010,icon_dj_cp_zb_04_010
902411,玛瑙珠串,南红玛瑙手串，色泽温润，颗颗均匀饱满。最入门的宝石串，谁上手谁都能戴,1,2,4,2,2,4,11200,0,0,icon_cp_zb_04_011,icon_dj_cp_zb_04_011
902501,西洋钻戒,西洋古董钻戒老欧洲切割，玫瑰金戒托有工匠印记，火彩柔和,1,2,5,1,1,1,16460,7,2,icon_cp_zb_05_001,icon_dj_cp_zb_05_001
902502,南洋金珠项链,南洋金珠项链浓金色，珠径12-15mm光泽如镜，每颗不可复制,1,2,5,1,3,3,31550,13,3,icon_cp_zb_05_002,icon_dj_cp_zb_05_002
902503,缅甸鸽血红项链,缅甸鸽血红宝石项链，顶级有色宝石不靠品牌靠颜色说话,1,2,5,1,3,3,29940,12,3,icon_cp_zb_05_003,icon_dj_cp_zb_05_003
902504,翡翠手镯,清代冰种翡翠手镯清透带阳绿，素面不雕以玉质取胜,1,2,5,2,2,4,79970,33,9,icon_cp_zb_05_004,icon_dj_cp_zb_05_004
902505,慈禧翡翠西瓜,慈禧随葬翡翠西瓜，绿皮红瓤巧雕，清东陵被盗后成传奇迷案,1,2,5,1,1,1,14410,6,2,icon_cp_zb_05_005,icon_dj_cp_zb_05_005
902506,狗头金,天然狗头金块形如犬首，亿万年生长的纯金签名版远超精炼金,1,2,5,1,1,1,17490,7,2,icon_cp_zb_05_006,icon_dj_cp_zb_05_006
902507,宫廷东珠坠,清代宫廷东珠坠大如拇指，东北淡水珍珠皇帝独享,1,2,5,1,1,1,13670,6,2,icon_cp_zb_05_007,icon_dj_cp_zb_05_007
902508,金绿猫眼,斯里兰卡金绿猫眼蜜黄色，烛光下眼线如猫瞳收放,1,2,5,1,1,1,13080,5,1,icon_cp_zb_05_008,icon_dj_cp_zb_05_008
902509,南海珍珠串,南海天然海水珍珠串珠径匀称，一颗海水珠需5-8年形成,1,2,5,1,1,1,30870,13,3,icon_cp_zb_05_009,icon_dj_cp_zb_05_009
902601,帝王绿手镯,帝王绿玻璃种翡翠手镯，颜色浓正阳匀，港澳拍场封面级的翡翠巅峰,1,2,6,1,1,1,67620,28,7,icon_cp_zb_06_001,icon_dj_cp_zb_06_001
902602,慈禧夜明珠,慈禧随葬夜明珠传说夜间发光，清东陵被盗后下落成谜,1,2,6,2,2,4,719700,300,79,icon_cp_zb_06_002,icon_dj_cp_zb_06_002
902603,和氏璧,和氏璧中国玉文化第一符号，卞和献玉完璧归赵，后刻为传国玉玺下落不明,1,2,6,1,1,1,2646000,1103,290,icon_cp_zb_06_003,icon_dj_cp_zb_06_003
902604,鸽血红宝石,缅甸鸽血红宝石颜色如鸽血，紫外灯下红色荧光如锁住了一团火焰,1,2,6,2,2,4,191900,80,21,icon_cp_zb_06_004,icon_dj_cp_zb_06_004
902605,非洲之心,库里南钻石切割品，3106克拉原石为迄今最大宝石级钻石,1,2,6,1,1,1,13145200,5477,1400,icon_cp_zb_06_005,icon_dj_cp_zb_06_005
902606,祖母绿宝石,哥伦比亚祖母绿颜色纯正浓郁，天然包裹体被称为祖母绿的花园,1,2,6,1,1,1,84530,35,9,icon_cp_zb_06_006,icon_dj_cp_zb_06_006
902607,粉红之星钻石,粉红之星，59.6克拉艳彩粉钻，拍卖史上最高成交价珠宝,1,2,6,1,1,1,396900,165,44,icon_cp_zb_06_007,icon_dj_cp_zb_06_007
902608,非洲之心碎料,库里南钻石切割碎料，天然钻石原石保留原始晶面,1,2,6,1,1,1,66150,28,7,icon_cp_zb_06_008,icon_dj_cp_zb_06_008
902609,红宝石王冠,红宝石王冠铂金底座花环造型，王室旧藏买的是当年戴在哪位公主头上,1,2,6,3,3,9,422500,176,46,icon_cp_zb_06_009,icon_dj_cp_zb_06_009
902610,南海珍珠王,南海天然珍珠王珠径超20mm，极稀有规格南海暖流养出的巨珠,1,2,6,1,1,1,74970,31,8,icon_cp_zb_06_010,icon_dj_cp_zb_06_010
902611,冰种飘花翡翠,高冰种飘花翡翠水头十足，飘花如墨入清水，绿在冰中凝固成画,1,2,6,1,1,1,63950,27,7,icon_cp_zb_06_011,icon_dj_cp_zb_06_011
902612,乾隆东珠朝珠,乾隆御用东珠朝珠108颗，只有皇帝皇后太上皇三人能用,1,2,6,1,2,2,123500,51,14,icon_cp_zb_06_012,icon_dj_cp_zb_06_012
902613,香江翡翠王,帝王绿玻璃种翡翠吊坠，香港拍场槌声即破纪录的拍卖传奇,1,2,6,1,2,2,237600,99,26,icon_cp_zb_06_013,icon_dj_cp_zb_06_013
902614,火焰欧泊,澳洲闪电岭黑欧泊五色变彩，内部二氧化硅球体衍射出的独有指纹,1,2,6,1,1,1,79380,33,9,icon_cp_zb_06_014,icon_dj_cp_zb_06_014
902615,大溪地黑珍珠,大溪地黑珍珠超15mm，表带孔雀绿晕彩的深海暗光,1,2,6,1,1,1,66890,28,7,icon_cp_zb_06_015,icon_dj_cp_zb_06_015
903101,仿皮钱包,仿皮钱包边角起皮拉链卡顿，街边日用品归宿,1,3,1,2,2,4,354,0,0,icon_cp_sp_01_001,icon_dj_cp_sp_01_001
903102,塑料发卡,彩色塑料发卡批量生产，随处可见的日用饰品,1,3,1,1,1,1,140,0,0,icon_cp_sp_01_002,icon_dj_cp_sp_01_002
903103,旧丝巾,普通聚酯纤维丝巾，粉色三角折叠，柜子深处的压箱底,1,3,1,1,2,2,238,0,0,icon_cp_sp_01_003,icon_dj_cp_sp_01_003
903104,旧金属扣,生锈合金拉链扣，五金件里最常见的一枚,1,3,1,1,1,1,245,0,0,icon_cp_sp_01_004,icon_dj_cp_sp_01_004
903105,普通墨镜,塑料镜框防晒墨镜装饰大于功能，地摊级日用,1,3,1,3,1,3,271,0,0,icon_cp_sp_01_005,icon_dj_cp_sp_01_005
903106,玩具美甲,玩具美甲贴片儿童水洗卸除，纯趣味性物件,1,3,1,1,1,1,126,0,0,icon_cp_sp_01_006,icon_dj_cp_sp_01_006
903107,钥匙挂坠,金属钥匙挂坠造型普通，实用为主无收藏溢价,1,3,1,1,1,1,110,0,0,icon_cp_sp_01_007,icon_dj_cp_sp_01_007
903108,应援棒,演唱会LED应援棒，粉丝文化的基础配件,1,3,1,2,1,2,234,0,0,icon_cp_sp_01_008,icon_dj_cp_sp_01_008
903109,卡贴,动漫角色卡贴防水覆膜，贴在手机壳上的装饰,1,3,1,1,1,1,101,0,0,icon_cp_sp_01_009,icon_dj_cp_sp_01_009
903110,丝绸手帕,丝绸织物手工刺绣边角，展开可作方巾或装饰布,1,3,1,4,3,12,1416,0,0,icon_cp_sp_01_010,icon_dj_cp_sp_01_010
903201,老式皮包,老式真皮手提包皮质发硬五金氧化，基础通勤日用,1,3,2,2,3,6,910,0,0,icon_cp_sp_02_001,icon_dj_cp_sp_02_001
903202,木质梳妆盒,实木小梳妆盒内置镜子，收纳日用首饰之物,1,3,2,1,1,1,309,0,0,icon_cp_sp_02_002,icon_dj_cp_sp_02_002
903203,印花T恤,印花纯棉T恤，基础款多色可选，日常穿着无溢价,1,3,2,2,2,4,1785,0,0,icon_cp_sp_02_003,icon_dj_cp_sp_02_003
903204,帆布背包,帆布单肩背包简约耐用，学生通勤款容量适中,1,3,2,2,2,4,935,0,0,icon_cp_sp_02_004,icon_dj_cp_sp_02_004
903205,铜质打火机,铜质金属打火机民用基础款，翻盖点火声响亮,1,3,2,1,1,1,375,0,0,icon_cp_sp_02_005,icon_dj_cp_sp_02_005
903206,时尚领带,条纹印花领带涤纶材质，日常通勤搭配非手工,1,3,2,1,3,3,773,0,0,icon_cp_sp_02_006,icon_dj_cp_sp_02_006
903207,时尚杂志,当季时尚杂志封面精美，内含海报附赠品牌广告,1,3,2,2,2,4,748,0,0,icon_cp_sp_02_007,icon_dj_cp_sp_02_007
903208,潮流手机壳,潮流IP联名手机壳硅胶材质，图案鲜艳防摔保护,1,3,2,1,1,1,322,0,0,icon_cp_sp_02_008,icon_dj_cp_sp_02_008
903209,亚克力钥匙扣,亚克力钥匙扣图案鲜艳，轻巧便携成本低廉,1,3,2,1,1,1,606,0,0,icon_cp_sp_02_009,icon_dj_cp_sp_02_009
903210,经典棒球帽,经典六片式棒球帽棉质面料，可调节百搭款,1,3,2,2,2,4,706,0,0,icon_cp_sp_02_010,icon_dj_cp_sp_02_010
903301,运动球鞋,限量联名运动球鞋品牌热门款，二级市场有溢价,1,3,3,1,1,1,750,0,0,icon_cp_sp_03_001,icon_dj_cp_sp_03_001
903302,银质烟盒,民国风格银质烟盒表面压花，翻盖内饰装饰纹,1,3,3,1,2,2,1290,0,0,icon_cp_sp_03_002,icon_dj_cp_sp_03_002
903303,复古手提箱,复古旅行箱皮质包裹黄铜锁扣，工艺完整,1,3,3,2,2,4,2423,0,0,icon_cp_sp_03_003,icon_dj_cp_sp_03_003
903304,羊绒围巾,纯羊绒围巾手感细腻保暖性好，基础轻奢质感,1,3,3,2,2,4,2091,0,0,icon_cp_sp_03_004,icon_dj_cp_sp_03_004
903305,古董钢笔,老式钢笔金属笔身配金尖，书写工具中入门收藏,1,3,3,1,1,1,1097,0,0,icon_cp_sp_03_005,icon_dj_cp_sp_03_005
903306,真皮腰带,头层牛皮腰带皮质厚实耐用，针扣设计百搭款,1,3,3,5,3,15,13430,0,0,icon_cp_sp_03_006,icon_dj_cp_sp_03_006
903307,公仔玩偶,毛绒公仔玩偶造型可爱填充饱满，送礼自留皆可,1,3,3,1,1,1,863,0,0,icon_cp_sp_03_007,icon_dj_cp_sp_03_007
903308,银制耳饰,925银制耳饰水滴钩式造型，日常佩戴,1,3,3,1,1,1,1950,0,0,icon_cp_sp_03_008,icon_dj_cp_sp_03_008
903309,水雾唇釉,水雾感唇釉国货美妆热门色号，玻璃管包装3ml,1,3,3,1,1,1,909,0,0,icon_cp_sp_03_009,icon_dj_cp_sp_03_009
903310,手工皮具箱,高端手工皮箱全皮包裹黄铜五金，衬绒隔层完整,1,3,3,2,3,6,2798,0,0,icon_cp_sp_03_010,icon_dj_cp_sp_03_010
903401,力航深潜旧表,力航经典金表，香槟色表盘配钻石时标，奢华质感十年只涨不跌,1,3,4,2,3,6,9674,0,0,icon_cp_sp_04_001,icon_dj_cp_sp_04_001
903402,卡纹三环戒指,卡纹三环金戒，1924年设计三色金自由转动,1,3,4,2,2,4,8836,0,0,icon_cp_sp_04_002,icon_dj_cp_sp_04_002
903403,复古机械表,1940年代怀改腕表镂空机芯，罗马数字时标，机芯刻着校正者1946南京,1,3,4,1,1,1,3314,0,0,icon_cp_sp_04_003,icon_dj_cp_sp_04_003
903404,绮藏旧纹丝巾,绮藏首款女士丝巾，用料精致，复古纹样设计,1,3,4,4,1,4,18030,0,0,icon_cp_sp_04_004,icon_dj_cp_sp_04_004
903405,香影双环耳饰,香影双环珍珠耳饰，人造珠光照样能戴出真品味才算本事,1,3,4,1,1,1,2723,0,0,icon_cp_sp_04_005,icon_dj_cp_sp_04_005
903406,纯银书写套装,纯银笔杆大理石墨水台套装，14K金尖笔尖只触碰纸的设计哲学,1,3,4,2,1,2,9975,0,0,icon_cp_sp_04_006,icon_dj_cp_sp_04_006
903407,限量手办,正版限定手办独立编号原盒未拆，原型师签名涂装精细,1,3,4,2,3,6,12540,0,0,icon_cp_sp_04_007,icon_dj_cp_sp_04_007
903408,传统潮服,交领宽袖配传统云纹。站着看是复古风，走起来是街头范,1,3,4,2,3,6,10510,0,0,icon_cp_sp_04_008,icon_dj_cp_sp_04_008
903409,名牌球鞋,限量联名运动球鞋，独立编号未拆封，二级市场一直有人盯着这类盒况完整的货,1,3,4,1,2,2,10290,0,0,icon_cp_sp_04_009,icon_dj_cp_sp_04_009
903410,合金机器人模型,压铸合金机器人20处可动结构，盒损与全品之间价差比想象中大,1,3,4,1,2,2,4830,0,0,icon_cp_sp_04_010,icon_dj_cp_sp_04_010
903501,斯诺克纪念球杆,斯诺克选手签名手工球杆，北美白蜡木黑檀木握把，杆身刻着最后一杆147分的日期,1,3,5,6,1,6,46340,19,5,icon_cp_sp_05_001,icon_dj_cp_sp_05_001
903502,百乐门水晶吊灯,百乐门定制水晶吊灯2000片手工切割水晶，暖调光晕让拍品溢价高出一截,1,3,5,2,3,6,54940,23,6,icon_cp_sp_05_002,icon_dj_cp_sp_05_002
903503,苏绣龙袍,龙袍十万针五爪金龙，苏绣工艺最高代表,1,3,5,2,3,6,97460,41,11,icon_cp_sp_05_003,icon_dj_cp_sp_05_003
903504,明星卡,传奇艺人最后签名卡热压金属片，背面微刻建议零售价100万三月内收到匿名出价,1,3,5,1,1,1,10890,5,1,icon_cp_sp_05_004,icon_dj_cp_sp_05_004
903505,铂金胸针,雅叶铂金胸针隐密式镶嵌无爪托，凤凰造型，已知流通唯一局部片,1,3,5,1,1,1,14570,6,2,icon_cp_sp_05_005,icon_dj_cp_sp_05_005
903506,轻奢机械腕表,瑞士独立制表师手工孤品镂空雕花机芯，每年仅接3枚不公开竞价,1,3,5,1,1,1,15230,6,2,icon_cp_sp_05_006,icon_dj_cp_sp_05_006
903507,登焰打火机,登焰纯银打火机，老藏家从开盖声就能辨出年代——三十年代铆钉味，五十年代焊接味，七十年代一体成型，余韵一代比一代短,1,3,5,1,1,1,27040,11,3,icon_cp_sp_05_007,icon_dj_cp_sp_05_007
903508,万臻钢笔,万臻大班149，黑色树脂笔杆，镀金笔夹，活塞上墨。1924年推出，半世纪过去仍是商界大佬桌上的标配,1,3,5,2,1,2,24150,10,3,icon_cp_sp_05_008,icon_dj_cp_sp_05_008
903509,卡纹跃影豹胸饰,卡纹跃影豹胸饰珠宝名流藏家定制，猎豹成为最值钱的猫每只花纹不重复,1,3,5,2,2,4,31420,13,3,icon_cp_sp_05_009,icon_dj_cp_sp_05_009
903510,西洋留声机,美式手摇留声机大喇叭扩音，钢针播放78转唱片发条恰好播完一首标准曲,1,3,5,2,2,4,32130,13,4,icon_cp_sp_05_010,icon_dj_cp_sp_05_010
903601,喜马拉雅铂金包,绮藏喜马拉雅铂金包尼罗鳄皮渐变如雪线，年产极少镶钻款超40万美元,1,3,6,2,2,4,194600,81,21,icon_cp_sp_06_001,icon_dj_cp_sp_06_001
903602,雅叶珐琅项链,雅叶四叶草项链，绿色珐琅与黄金珠链相配，1968年面世后一直是好运题材里的常青款,1,3,6,2,1,2,293000,122,32,icon_cp_sp_06_002,icon_dj_cp_sp_06_002
903603,翡光星穹腕表,翡光5002双面表盘12项复杂功能，686个零件一年以上制作表王之王,1,3,6,1,1,1,1870000,779,210,icon_cp_sp_06_003,icon_dj_cp_sp_06_003
903604,斯卡奥小金人,奥斯卡小金人复刻典藏版铜镀24K金，独立编号附学院认证信,1,3,6,1,2,2,116600,49,13,icon_cp_sp_06_004,icon_dj_cp_sp_06_004
903605,斯翼尊享车标,斯翼银天使车标纯银镀金，1930年代装自动伸缩装置怕被偷更怕被风吹坏,1,3,6,1,1,1,78750,33,9,icon_cp_sp_06_005,icon_dj_cp_sp_06_005
904101,印刷风景明信片,名胜风景明信片套装，背面可写地址寄出,1,4,1,3,3,9,592,0,0,icon_cp_zh_01_001,icon_dj_cp_zh_01_001
904102,年画残片,民间年画破损残缺，门神脸图案尚可辨,1,4,1,1,1,1,112,0,0,icon_cp_zh_01_002,icon_dj_cp_zh_01_002
904103,旧字帖,普通字帖印刷品，临摹对象也是印刷品,1,4,1,1,1,1,118,0,0,icon_cp_zh_01_003,icon_dj_cp_zh_01_003
904104,手抄诗句,民间无名手抄诗句，纸面泛黄字迹端正无章法,1,4,1,1,2,2,184,0,0,icon_cp_zh_01_004,icon_dj_cp_zh_01_004
904105,旧对联,民间旧联纸已褪粉白，墨迹晕散红纸泛白,1,4,1,1,1,1,107,0,0,icon_cp_zh_01_005,icon_dj_cp_zh_01_005
904106,普通山水画,无名画作构图平庸设色呆板，市井装饰画,1,4,1,2,2,4,339,0,0,icon_cp_zh_01_006,icon_dj_cp_zh_01_006
904107,木刻年画残片,木版年画残片图案模糊，节庆遗物仅余碎片,1,4,1,1,1,1,226,0,0,icon_cp_zh_01_007,icon_dj_cp_zh_01_007
904108,中国新年春联一,印刷春联上联金字红底，标准化节日装饰,1,4,1,1,4,4,313,0,0,icon_cp_zh_01_008,icon_dj_cp_zh_01_008
904109,中国新年春联二,印刷春联下联与上联成套，左右一对,1,4,1,1,4,4,343,0,0,icon_cp_zh_01_009,icon_dj_cp_zh_01_009
904110,新年春联横幅,印刷春联横批四字吉语，贴上下联之间,1,4,1,2,1,2,384,0,0,icon_cp_zh_01_010,icon_dj_cp_zh_01_010
904201,印刷画折扇,印刷山水折扇竹骨折扇，日常生活实用品,1,4,2,2,2,4,881,0,0,icon_cp_zh_02_001,icon_dj_cp_zh_02_001
904202,印刷山水画壁纸,印刷山水壁纸卷装饰用，批量复制工业品,1,4,2,3,1,3,565,0,0,icon_cp_zh_02_002,icon_dj_cp_zh_02_002
904203,书法用卷轴,空白书法卷轴宣纸已装裱，练字基础耗材,1,4,2,3,5,15,1875,0,0,icon_cp_zh_02_003,icon_dj_cp_zh_02_003
904204,民国书法,民国文人字，笔力尚可文房旧物,1,4,2,1,3,3,1261,0,0,icon_cp_zh_02_004,icon_dj_cp_zh_02_004
904205,民间花鸟画,民间画工花鸟装饰画，设色鲜艳却乏基本功,1,4,2,4,2,8,1263,0,0,icon_cp_zh_02_005,icon_dj_cp_zh_02_005
904206,老照片画像,老式炭笔素描肖像画，纪念意义大于艺术,1,4,2,2,2,4,816,0,0,icon_cp_zh_02_006,icon_dj_cp_zh_02_006
904207,山水小景,小幅山水入门画作，构图简略墨色单一,1,4,2,1,2,2,466,0,0,icon_cp_zh_02_007,icon_dj_cp_zh_02_007
904208,吉祥字画,祈福民俗字画，色彩鲜艳装饰味浓,1,4,2,3,2,6,1005,0,0,icon_cp_zh_02_008,icon_dj_cp_zh_02_008
904209,文人信札残页,民国文人私信残页无署名，纸泛黄字潦草,1,4,2,1,2,2,566,0,0,icon_cp_zh_02_009,icon_dj_cp_zh_02_009
904210,水写毛笔,清水书写自动消失的练字笔，不费纸的习字器,1,4,2,2,1,2,931,0,0,icon_cp_zh_02_010,icon_dj_cp_zh_02_010
904301,字画涂鸦墙,艺术街区涂鸦墙局部拆移，街头文化色彩浓烈,1,4,3,5,4,20,8165,0,0,icon_cp_zh_03_001,icon_dj_cp_zh_03_001
904302,同人画册,同人原创手绘画册小批量，装帧简朴内容扎实,1,4,3,2,2,4,2864,0,0,icon_cp_zh_03_002,icon_dj_cp_zh_03_002
904303,小楷字帖,工整小楷笔笔到位，书法入门标准样本,1,4,3,2,2,4,2056,0,0,icon_cp_zh_03_003,icon_dj_cp_zh_03_003
904304,工笔花鸟,工笔花鸟细作层层渲染设色，得宋画遗意,1,4,3,2,2,4,2081,0,0,icon_cp_zh_03_004,icon_dj_cp_zh_03_004
904305,浅绛山水,淡赭石花青为主调的浅绛山水，文人画风,1,4,3,2,2,4,1983,0,0,icon_cp_zh_03_005,icon_dj_cp_zh_03_005
904306,行书条幅,行书条幅行气贯通，入古不深已具自家面貌,1,4,3,2,1,2,2909,0,0,icon_cp_zh_03_006,icon_dj_cp_zh_03_006
904307,三国演义连环画,人民美术出版社老版三国连环画全套，名家绘画,1,4,3,2,1,2,1181,0,0,icon_cp_zh_03_007,icon_dj_cp_zh_03_007
904308,水浒传连环画,水浒传连环画合集名家绘画，品相完好线装版,1,4,3,2,1,2,2736,0,0,icon_cp_zh_03_008,icon_dj_cp_zh_03_008
904309,红楼梦连环画,红楼梦连环画卡通彩绘传统装帧，每页独立成画,1,4,3,2,1,2,1195,0,0,icon_cp_zh_03_009,icon_dj_cp_zh_03_009
904310,河市繁胜图,一河两岸檐巷绵延，往来行旅熙攘，满卷皆是人间烟火气,1,4,3,2,1,2,1166,0,0,icon_cp_zh_03_010,icon_dj_cp_zh_03_010
904401,郑板桥《竹》,郑板桥《竹》，墨竹清瘦劲挺，以书入画笔笔见骨。竹如其人，瘦而不弱，节节分明,1,4,4,2,2,4,17650,0,0,icon_cp_zh_04_001,icon_dj_cp_zh_04_001
904402,《三虾图》,齐白石《三虾图》，三只虾墨色浓淡相宜，须爪灵动，构图新颖别致,1,4,4,2,2,4,10110,0,0,icon_cp_zh_04_002,icon_dj_cp_zh_04_002
904403,傅抱石《山水》,傅抱石《山水》，笔墨苍劲，抱石皴层层堆叠出山石肌理。笔锋散开像刷子横扫纸面，山石纹理一气呵成,1,4,4,2,2,4,9253,0,0,icon_cp_zh_04_003,icon_dj_cp_zh_04_003
904404,张大千《荷花》,"张大千《荷花》，泼墨泼彩层层叠加，浓艳不俗。大千晚年独创泼彩，把花鸟画抬到了山水格局，徐悲鸿称其""五百年来第一人""",1,4,4,2,2,4,6854,0,0,icon_cp_zh_04_004,icon_dj_cp_zh_04_004
904405,赵孟頫小楷,赵孟頫小楷，字势工整秀润，落笔不急不躁，放到案头就知道是老派书卷气,1,4,4,2,2,4,16620,0,0,icon_cp_zh_04_005,icon_dj_cp_zh_04_005
904406,文徵明行书,文徵明行书，明四家之一。行书以晋唐为宗，早年清秀晚年老辣，锋藏于内越老越醇,1,4,4,2,2,4,8225,0,0,icon_cp_zh_04_006,icon_dj_cp_zh_04_006
904407,金栗山藏经纸,金栗山藏经纸，宋代藏经用纸，纸面泛黄，纤维坚韧。宋纸存世极少，金栗山纸更是宋纸中的极品,1,4,4,4,2,8,15770,0,0,icon_cp_zh_04_007,icon_dj_cp_zh_04_007
904408,敦煌残画,敦煌残画，宗教艺术，色彩斑驳。千年前的矿物颜料配方无法复制，残片上的颜色比新画更珍贵,1,4,4,1,2,2,4032,0,0,icon_cp_zh_04_008,icon_dj_cp_zh_04_008
904409,御笔匾额,御笔匾额，金漆题字，皇家书法。清代宫廷建筑的原装构件——皇帝亲笔题写，工匠刻制上漆，拆下来的比挂在原位的少得多,1,4,4,4,1,4,8996,0,0,icon_cp_zh_04_009,icon_dj_cp_zh_04_009
904410,鲁迅木刻原版,鲁迅倡导的新兴木刻原版，1930年代名家手拓。木刻原版在印刷中会磨损——存世极少，每一块都是孤品,1,4,4,2,1,2,4687,0,0,icon_cp_zh_04_010,icon_dj_cp_zh_04_010
904501,富春残卷,黄公望《富春山居图》残卷，烧为两段，一段在浙江一段在台湾。六百年后两段隔着海峡，画里的富春江却仍完整流着,1,4,5,3,3,9,63980,27,7,icon_cp_zh_05_001,icon_dj_cp_zh_05_001
904502,《河图洛书》卷,龙马负图神龟背书的文明源头，历朝历代都在画无人见过真容,1,4,5,3,3,9,49490,21,5,icon_cp_zh_05_002,icon_dj_cp_zh_05_002
904503,《江山如此多娇》,关山月、傅抱石《江山如此多娇》，以毛泽东《沁园春·雪》词意为蓝本，雪山江流与红日同入巨幅山水,1,4,5,2,4,8,60840,25,7,icon_cp_zh_05_003,icon_dj_cp_zh_05_003
904504,林风眠《鹭》,林风眠《鹭》，彩墨鹭鸶伫立浅滩，中西融合里有一股孤冷气——他的鹭鸶画得比所有人都孤独,1,4,5,2,3,6,41740,17,5,icon_cp_zh_05_004,icon_dj_cp_zh_05_004
904505,《快雪时晴帖》,王羲之《快雪时晴帖》，行书名帖，全文四行二十八字，一封晴雪问候成了千年名帖,1,4,5,1,2,2,39510,16,4,icon_cp_zh_05_005,icon_dj_cp_zh_05_005
904506,《墨葡萄图》,徐渭《墨葡萄图》，大写意水墨纵横，笔势纵横洒落，葡萄酸劲都从墨色里滚出来,1,4,5,2,2,4,33930,14,4,icon_cp_zh_05_006,icon_dj_cp_zh_05_006
904507,《石鼓文》原拓,先秦石鼓文最早刻石文字，比秦始皇统一六国还早的汉字源头,1,4,5,2,2,4,30850,13,3,icon_cp_zh_05_007,icon_dj_cp_zh_05_007
904508,《兰亭序》摹本,冯承素摹王羲之《兰亭序》，双钩填墨，是现存最接近真迹的版本。王羲之每一笔都在，只是没沾到王羲之的手汗,1,4,5,1,2,2,40320,17,4,icon_cp_zh_05_008,icon_dj_cp_zh_05_008
904509,《清明上河图》摹本,《清明上河图》摹本，张择端原作的高精度摹本。绢本设色，全卷五米有余，人物舟车络绎,1,4,5,6,1,6,90810,38,10,icon_cp_zh_05_009,icon_dj_cp_zh_05_009
904510,乾隆御笔帖,"乾隆《御笔帖》，行书手帖，纸本墨迹，钤""乾隆御笔""印。帝王把自己当文人的执念都在字里",1,4,5,2,1,2,18350,8,2,icon_cp_zh_05_010,icon_dj_cp_zh_05_010
904511,大千泼彩,张大千《泼彩山水》，墨彩交融，气势磅礴，颜料像自己在纸上长成山,1,4,5,1,2,2,16730,7,2,icon_cp_zh_05_011,icon_dj_cp_zh_05_011
904601,《富春山居图》,黄公望《富春山居图》全卷，元画巅峰。耗时数年完成富春江两岸数百里景色，富春江水在六米长卷里慢慢走,1,4,6,2,2,4,198800,83,22,icon_cp_zh_06_001,icon_dj_cp_zh_06_001
904602,齐白石《虾》,齐白石《虾》长卷，数十只墨虾排开，水墨写意，从工笔到泼墨的六十余年摸索全在虾须里,1,4,6,3,1,3,140700,59,15,icon_cp_zh_06_002,icon_dj_cp_zh_06_002
904603,敦煌绢画画稿,敦煌壁画原始绢本画稿，千年画工手迹。画稿上的线条是画工在壁画下笔前打的草稿，壁画还没画人已经不在了，画稿留了下来,1,4,6,3,2,6,240800,100,26,icon_cp_zh_06_003,icon_dj_cp_zh_06_003
904604,《千里江山图》,王希孟《千里江山图》，18岁天才绝笔，青绿山水巅峰。画完这幅画就从历史中消失了，仿佛天借他的手画完就收了回去,1,4,6,3,2,6,688000,287,76,icon_cp_zh_06_004,icon_dj_cp_zh_06_004
904605,《奔马图》,徐悲鸿《奔马图》，中国近现代美术第一符号。马四蹄腾空离地奔跑的姿态——在此之前中国的马都是站着或走着的,1,4,6,2,2,4,171400,71,19,icon_cp_zh_06_005,icon_dj_cp_zh_06_005
904606,《女史箴图》,顾恺之《女史箴图》，人物细线连绵，宫廷女性的举止和规训都被收进同一卷里,1,4,6,2,2,4,7283000,3035,800,icon_cp_zh_06_006,icon_dj_cp_zh_06_006
904607,甲骨文原片,商代甲骨文原片，商人把问题刻在龟甲和兽骨上，用火烤了看裂纹判断吉凶——三千多年后这些裂纹成了中国最早的文字记录,1,4,6,2,2,4,186800,78,21,icon_cp_zh_06_007,icon_dj_cp_zh_06_007
904608,《夜宴图》,顾闳中《韩熙载夜宴图》，夜宴声色铺满整卷，偏偏把韩熙载的清醒也一起照得很亮,1,4,6,3,3,9,1050000,438,120,icon_cp_zh_06_008,icon_dj_cp_zh_06_008
904609,《洛神赋图》,顾恺之《洛神赋图》，曹植文字中的洛神被画成了可见的人。人物裙带飘举山水作景，以丝绸般连绵的线条开启了中国人物画的时代,1,4,6,2,2,4,339300,141,37,icon_cp_zh_06_009,icon_dj_cp_zh_06_009
904610,南海神图,岭南画派巨幅南海神图，画的是波涛画的更是岭南人的乡愁,1,4,6,3,2,6,243100,101,27,icon_cp_zh_06_010,icon_dj_cp_zh_06_010
904611,民国画报全集,良友点石斋民国画报全集，老照片里旗袍美人永远年轻的时光胶囊,1,4,6,2,2,4,137100,57,15,icon_cp_zh_06_011,icon_dj_cp_zh_06_011
904612,《清明上河图》,张择端《清明上河图》，中国风俗画第一长卷，汴河两岸每一个被数到的人都在这条河上忙着自己的日子,1,4,6,6,1,6,1880000,783,210,icon_cp_zh_06_012,icon_dj_cp_zh_06_012
905101,软泥印子,生物印痕化石形态模糊，依稀可辨曾有什么走过,1,5,1,2,2,4,631,0,0,icon_cp_hs_01_001,icon_dj_cp_hs_01_001
905102,树皮印石,树皮印在石头上的痕迹，树木早已化作泥土,1,5,1,2,2,4,366,0,0,icon_cp_hs_01_002,icon_dj_cp_hs_01_002
905103,小泥化石,泥层微型化石痕迹，需放大镜看清微小的生物轮廓,1,5,1,2,2,4,357,0,0,icon_cp_hs_01_003,icon_dj_cp_hs_01_003
905104,碎藻石头,含碎藻类化石的普通石头，零星藻类印迹可辨,1,5,1,3,1,3,274,0,0,icon_cp_hs_01_004,icon_dj_cp_hs_01_004
905105,节肢硬壳,古代节肢动物外壳碎片，甲壳表面有细密纹路,1,5,1,2,1,2,386,0,0,icon_cp_hs_01_005,icon_dj_cp_hs_01_005
905106,泥中碎石,无化石特征的普通碎石，沉积岩常见夹杂物,1,5,1,1,1,1,102,0,0,icon_cp_hs_01_006,icon_dj_cp_hs_01_006
905107,风化岩屑,岩石风化碎屑边缘尖锐，无标本价值,1,5,1,1,1,1,111,0,0,icon_cp_hs_01_007,icon_dj_cp_hs_01_007
905108,碎云母片,云母碎片层层剥落，阳光下闪光无收藏意义,1,5,1,1,1,1,103,0,0,icon_cp_hs_01_008,icon_dj_cp_hs_01_008
905109,粗石敢当,民间石敢当形制粗糙，辟邪奇石风雨侵蚀有坑洞,1,5,1,1,1,1,230,0,0,icon_cp_hs_01_009,icon_dj_cp_hs_01_009
905110,原虫小石子,疑似原虫化石的小石子，圆润光滑需专业确认,1,5,1,1,1,1,132,0,0,icon_cp_hs_01_010,icon_dj_cp_hs_01_010
905201,石灰岩贝印,石灰岩上模糊贝类印痕，双壳类生物遗迹,1,5,2,3,2,6,876,0,0,icon_cp_hs_02_001,icon_dj_cp_hs_02_001
905202,碎石化石,普通化石碎块残破到连专家也摇头，无收藏价值,1,5,2,2,2,4,797,0,0,icon_cp_hs_02_002,icon_dj_cp_hs_02_002
905203,贝壳化石,常见贝壳化石存世量大，标本级入门品,1,5,2,2,2,4,899,0,0,icon_cp_hs_02_003,icon_dj_cp_hs_02_003
905204,植物化石,普通植物印痕叶子轮廓清晰，蕨类或裸子叶片,1,5,2,2,2,4,1656,0,0,icon_cp_hs_02_004,icon_dj_cp_hs_02_004
905205,鱼骨化石,鱼骨化石，骨骼排列清晰，常见品种,1,5,2,1,2,2,404,0,0,icon_cp_hs_02_005,icon_dj_cp_hs_02_005
905206,虫迹化石,虫类爬行痕迹弯曲细长，古生物活动遗迹佐证,1,5,2,1,2,2,422,0,0,icon_cp_hs_02_006,icon_dj_cp_hs_02_006
905207,碎螺壳,常见螺壳，纹路清晰，形态完整,1,5,2,2,1,2,473,0,0,icon_cp_hs_02_007,icon_dj_cp_hs_02_007
905208,粗晶石英簇,工业级石英簇晶体粗糙，内含杂质较多量大常见,1,5,2,1,1,1,557,0,0,icon_cp_hs_02_008,icon_dj_cp_hs_02_008
905209,太湖石碎块,太湖石碎片略有漏透感，瘦皱漏透四字只占半字,1,5,2,1,1,1,296,0,0,icon_cp_hs_02_009,icon_dj_cp_hs_02_009
905210,鹅卵石化石,形似化石的普通鹅卵石光滑圆润，常让外行误认,1,5,2,1,1,1,325,0,0,icon_cp_hs_02_010,icon_dj_cp_hs_02_010
905301,三叶虫碎片,三叶虫头尾残片复眼可见，入门级古生代化石,1,5,3,2,2,4,4827,0,0,icon_cp_hs_03_001,icon_dj_cp_hs_03_001
905302,螺化石,古代螺类化石壳层纹清晰，旋绕完整表面有风化,1,5,3,2,2,4,2745,0,0,icon_cp_hs_03_002,icon_dj_cp_hs_03_002
905303,珊瑚化石,古代珊瑚蜂窝状结构明显，常见品种表面钙质沉积,1,5,3,1,3,3,2248,0,0,icon_cp_hs_03_003,icon_dj_cp_hs_03_003
905304,昆虫化石残件,昆虫化石完整，翅膀轮廓清晰，入门收藏级,1,5,3,1,3,3,3849,0,0,icon_cp_hs_03_004,icon_dj_cp_hs_03_004
905305,木化石小块,硅化木小块年轮纹理清楚，纤维已被二氧化硅替代,1,5,3,3,1,3,2210,0,0,icon_cp_hs_03_005,icon_dj_cp_hs_03_005
905306,完整三叶虫,完整三叶虫头胸尾齐全卷曲姿态，收藏入门精品,1,5,3,2,1,2,1169,0,0,icon_cp_hs_03_006,icon_dj_cp_hs_03_006
905307,大型螺化石,大型古生代螺形态完整，壳口清晰螺旋纹上有生长线,1,5,3,2,1,2,2728,0,0,icon_cp_hs_03_007,icon_dj_cp_hs_03_007
905308,完整昆虫化石,昆虫完整躯体翅膀展开触角足部细节清晰,1,5,3,1,1,1,974,0,0,icon_cp_hs_03_008,icon_dj_cp_hs_03_008
905309,萤石晶簇,蓝绿色萤石晶簇紫外光下晶莹剔透，矿物收藏入门,1,5,3,1,1,1,722,0,0,icon_cp_hs_03_009,icon_dj_cp_hs_03_009
905310,小型灵璧石,灵璧石小件，击之有声如磬。瘦皱漏透，敲一声就知道是不是真货,1,5,3,1,1,1,1705,0,0,icon_cp_hs_03_010,icon_dj_cp_hs_03_010
905401,恐龙牙齿化石,恐龙牙齿化石，完整锋利，牙釉质光泽保存了亿万年。化石收藏里人气最高的品类,1,5,4,2,4,8,12820,0,0,icon_cp_hs_04_001,icon_dj_cp_hs_04_001
905402,猛犸象牙碎片,猛犸象牙碎片，纹理清晰，距今约一万年。西伯利亚冻土里挖出的象牙纹理保存完好,1,5,4,3,4,12,17240,0,0,icon_cp_hs_04_002,icon_dj_cp_hs_04_002
905403,三叶虫王冠虫,稀有品种三叶虫王冠虫，品相顶级，古生代海洋。头部王冠状结构，两万种三叶虫里数它最贵,1,5,4,2,2,4,7289,0,0,icon_cp_hs_04_003,icon_dj_cp_hs_04_003
905404,琥珀昆虫内含物,天然虫珀，内含完整昆虫，白垩纪至第三纪。树脂滴落时恰好裹住一只虫，千万年后翅膀纹路清晰如初,1,5,4,2,2,4,16230,0,0,icon_cp_hs_04_004,icon_dj_cp_hs_04_004
905405,恐龙蛋碎片,恐龙蛋破碎壳体，纹理清晰，白垩纪。完整的恐龙蛋极少见，蛋壳碎片是入门级收藏,1,5,4,2,2,4,7454,0,0,icon_cp_hs_04_005,icon_dj_cp_hs_04_005
905406,海百合化石群,远古海百合群落化石，群体保存。海百合是长得像花的海洋动物——不是植物，和现代海洋里的海星海参是近亲,1,5,4,1,3,3,6602,0,0,icon_cp_hs_04_006,icon_dj_cp_hs_04_006
905407,史前龟甲化石,完整龟甲化石，甲片纹路清晰，年代久远。龟壳是化石中最容易保存完整的结构——天生一副防护装甲,1,5,4,3,1,3,6068,0,0,icon_cp_hs_04_007,icon_dj_cp_hs_04_007
905408,紫水晶洞切片,紫水晶洞切片，晶粒饱满，颜色浓紫。亿万年前含硅热液灌注岩洞，冷却结晶为紫色晶簇。切开后每一片都是独一无二的,1,5,4,1,2,2,9452,0,0,icon_cp_hs_04_008,icon_dj_cp_hs_04_008
905409,雨花石精品,南京雨花石精品，石内纹理天然成像。长江水冲千万年磨圆的石头，切开后里面的纹理像一幅画,1,5,4,1,2,2,5310,0,0,icon_cp_hs_04_009,icon_dj_cp_hs_04_009
905410,菊石完整壳体,完整菊石化石，壳体缝合线花纹艳丽。菊石和现代鹦鹉螺是近亲——每种菊石的花纹都是独一无二的指纹,1,5,4,1,1,1,6029,0,0,icon_cp_hs_04_010,icon_dj_cp_hs_04_010
905501,霸王龙化石,白垩纪霸王龙牙齿残件，长30厘米锋利如剃刀边缘带锯齿,1,5,5,3,2,6,40350,17,4,icon_cp_hs_05_001,icon_dj_cp_hs_05_001
905502,灵璧石·听风,安徽灵璧文人赏石叩击有金属声，宋代贡石四大名石之首瘦皱漏透,1,5,5,1,3,3,23740,10,3,icon_cp_hs_05_002,icon_dj_cp_hs_05_002
905503,铲齿象鼻化石,中新世铲齿象下颌铲形门齿，千多万年前挖水草吃的古象,1,5,5,1,4,4,33460,14,4,icon_cp_hs_05_003,icon_dj_cp_hs_05_003
905504,和田玉籽料原石,新疆和田玉籽料原石留有皮色，万年河水磨圆的顶级玉料,1,5,5,1,1,1,25330,11,3,icon_cp_hs_05_004,icon_dj_cp_hs_05_004
905505,喜马拉雅鱼龙,西藏出土鱼龙脊椎骨，证明青藏高原曾是海洋如今成了世界屋脊,1,5,5,2,4,8,63130,26,7,icon_cp_hs_05_005,icon_dj_cp_hs_05_005
905506,澄江奇虾化石,寒武纪奇虾体长1米顶级掠食者，5.18亿年前海洋最可怕的怪物,1,5,5,2,4,8,62050,26,7,icon_cp_hs_05_006,icon_dj_cp_hs_05_006
905507,猛犸象化石,西伯利亚猛犸象牙齿冠纹理完整，冰河长毛象的古老象牙,1,5,5,1,1,1,11570,5,1,icon_cp_hs_05_007,icon_dj_cp_hs_05_007
905508,完整恐龙蛋,完整未孵化恐龙蛋壳面密布细纹，恐龙走了蛋留下了的远古遗存,1,5,5,2,4,8,64750,27,7,icon_cp_hs_05_008,icon_dj_cp_hs_05_008
905509,掠食者牙齿,顶级肉食动物牙齿化石齿尖锋利，它活着靠牙吃饭死后牙养三代藏家,1,5,5,2,1,2,40150,17,4,icon_cp_hs_05_009,icon_dj_cp_hs_05_009
905510,虫珀完整蜥蜴,琥珀内完整蜥蜴四肢伸展卷尾，一亿年前被松脂定格的那一秒,1,5,5,3,1,3,22140,9,2,icon_cp_hs_05_010,icon_dj_cp_hs_05_010
905601,东方剑齿象骨架,更新世东方剑齿象完整骨架，象牙粗壮向上弯曲完整拼出比挖到金子还难,1,5,6,3,2,6,1275000,531,140,icon_cp_hs_06_001,icon_dj_cp_hs_06_001
905602,翼龙化石,中国翼龙翼膜骨骼印痕清晰，辽西热河生物群使中国成翼龙研究中心,1,5,6,2,2,4,318000,133,35,icon_cp_hs_06_002,icon_dj_cp_hs_06_002
905603,巨齿鲨牙齿,巨齿鲨牙齿三角形锯齿锋利，史前18米巨型鲨鱼牙齿比人手大,1,5,6,2,2,4,190500,79,21,icon_cp_hs_06_003,icon_dj_cp_hs_06_003
905604,铁陨石切片,新疆铁陨石切片维德曼花纹清晰，外星铁独有的交叉条纹地球练不出,1,5,6,2,2,4,155700,65,17,icon_cp_hs_06_004,icon_dj_cp_hs_06_004
905605,昌化鸡血石原石,昌化鸡血石大红袍血色鲜红，印章石之王红色来自辰砂颗粒分布,1,5,6,1,1,1,66380,28,7,icon_cp_hs_06_005,icon_dj_cp_hs_06_005
906101,过期瓶装茶,过期瓶装茶饮料标签褪色瓶底有沉淀，已过保质期三年,1,6,1,2,3,6,472,0,0,icon_cp_ml_01_001,icon_dj_cp_ml_01_001
906102,粗制散茶,市井粗茶无年份无包装，茶叶碎末混茎梗汤色浑浊,1,6,1,1,1,1,257,0,0,icon_cp_ml_01_002,icon_dj_cp_ml_01_002
906103,普通米酒,民间自酿米酒度数低口感淡，酒液乳白微酸,1,6,1,2,2,4,317,0,0,icon_cp_ml_01_003,icon_dj_cp_ml_01_003
906104,陈年碎茶末,陈年碎茶存放不当茶香尽散，只剩仓储气味,1,6,1,2,1,2,192,0,0,icon_cp_ml_01_004,icon_dj_cp_ml_01_004
906105,果酒残液,简易果酒，色泽淡粉，味道寡淡,1,6,1,1,1,1,243,0,0,icon_cp_ml_01_005,icon_dj_cp_ml_01_005
906106,散装粗酒,廉价散装白酒辛辣刺鼻，玻璃瓶装,1,6,1,1,1,1,108,0,0,icon_cp_ml_01_006,icon_dj_cp_ml_01_006
906107,老坛糟底酒,老坛底部糟酒浑浊带悬浮物，酿酒剩下的边角料,1,6,1,1,1,1,125,0,0,icon_cp_ml_01_007,icon_dj_cp_ml_01_007
906108,散装米酒,农家自酿米酒甜度偏高，存放时间不明无工艺可言,1,6,1,1,1,1,113,0,0,icon_cp_ml_01_008,icon_dj_cp_ml_01_008
906109,兑水白酒,廉价勾兑酒酒精味冲入口化工感，劣质白酒代表,1,6,1,1,2,2,164,0,0,icon_cp_ml_01_009,icon_dj_cp_ml_01_009
906110,茶渣干,泡过的茶叶晾干深褐色细碎，已无任何茶味,1,6,1,1,1,1,137,0,0,icon_cp_ml_01_010,icon_dj_cp_ml_01_010
906201,瓶装黄酒,超市常见黄酒调味为主，普通粮食酿造口感温和,1,6,2,1,2,2,552,0,0,icon_cp_ml_02_001,icon_dj_cp_ml_02_001
906202,陈年普洱散茶,普通年份普洱散茶口粮级，汤色红亮但层次单一,1,6,2,1,1,1,583,0,0,icon_cp_ml_02_002,icon_dj_cp_ml_02_002
906203,三年陈绍兴黄酒,基础款绍兴黄酒坛装，口感温和日常佐餐用酒,1,6,2,2,1,2,438,0,0,icon_cp_ml_02_003,icon_dj_cp_ml_02_003
906204,碧螺春新茶,当年新碧螺春一芽一叶，清香淡雅汤色嫩绿透亮,1,6,2,1,2,2,528,0,0,icon_cp_ml_02_004,icon_dj_cp_ml_02_004
906205,纯粮高粱酒,农家纯粮自酿酒无添加，约50度入口烈回甘快,1,6,2,1,1,1,324,0,0,icon_cp_ml_02_005,icon_dj_cp_ml_02_005
906206,手工桂花酿,手工桂花酿清甜甜度低，酒精度低适合入门品饮,1,6,2,1,1,1,589,0,0,icon_cp_ml_02_006,icon_dj_cp_ml_02_006
906207,袋泡红茶,锡兰红茶拼配袋泡，日常饮用简单便捷,1,6,2,1,1,1,256,0,0,icon_cp_ml_02_007,icon_dj_cp_ml_02_007
906208,散装绿茶,农家散装绿茶无品牌，叶片完整度一般汤色清亮,1,6,2,1,1,1,259,0,0,icon_cp_ml_02_008,icon_dj_cp_ml_02_008
906209,普通啤酒,工业拉格啤酒金黄通透，泡沫细腻日常消暑饮品,1,6,2,1,1,1,613,0,0,icon_cp_ml_02_009,icon_dj_cp_ml_02_009
906210,桂花露酒,桂花浸泡低度酒入口甜润，大众甜品酒后劲不大,1,6,2,1,1,1,327,0,0,icon_cp_ml_02_010,icon_dj_cp_ml_02_010
906301,十年陈普洱生茶,十年干仓普洱生茶汤色橙黄，转化稳定口感醇和回甘明显,1,6,3,3,3,9,3506,0,0,icon_cp_ml_03_001,icon_dj_cp_ml_03_001
906302,十年陈绍兴花雕,十年陈绍兴花雕坛装香气醇厚，琥珀色酒体温润有层次,1,6,3,3,4,12,10520,0,0,icon_cp_ml_03_002,icon_dj_cp_ml_03_002
906303,正岩大红袍,武夷正岩大红袍岩韵明显，岩茶正统汤色橙红透亮,1,6,3,2,3,6,2631,0,0,icon_cp_ml_03_003,icon_dj_cp_ml_03_003
906304,坤沙酱香白酒,纯粮坤沙酱香酒体微黄，空杯留香持久酱香突出,1,6,3,1,2,2,1528,0,0,icon_cp_ml_03_004,icon_dj_cp_ml_03_004
906305,七年陈白牡丹,七年陈老白茶药香初显，杏黄汤色叶底匀整,1,6,3,2,1,2,1599,0,0,icon_cp_ml_03_005,icon_dj_cp_ml_03_005
906306,三年陈普洱熟茶,三年陈普洱熟茶汤色红亮，陈香温和口感顺滑日常口粮,1,6,3,2,1,2,2913,0,0,icon_cp_ml_03_006,icon_dj_cp_ml_03_006
906307,普通龙井,非核心产区龙井外形扁平，滋味清新可饮日常茶,1,6,3,1,1,1,1071,0,0,icon_cp_ml_03_007,icon_dj_cp_ml_03_007
906308,五年陈花雕,五年陈花雕坛装普通，家常烹饪可温饮,1,6,3,1,1,1,1000,0,0,icon_cp_ml_03_008,icon_dj_cp_ml_03_008
906309,散装铁观音,清香型铁观音颗粒紧结，兰花香清雅汤色蜜绿,1,6,3,1,1,1,964,0,0,icon_cp_ml_03_009,icon_dj_cp_ml_03_009
906310,普通酱香白酒,纯粮酱香白酒，高粱为料，九蒸八酵七取。入门级口粮酒，不追年份，口感正就行,1,6,3,1,1,1,830,0,0,icon_cp_ml_03_010,icon_dj_cp_ml_03_010
906401,清宫普洱贡茶,清宫旧藏普洱贡茶，稀世陈香。清代云南六大茶山每年精选上等普洱进贡紫禁城，历经百年陈化茶汤如琥珀,1,6,4,1,2,2,4998,0,0,icon_cp_ml_04_001,icon_dj_cp_ml_04_001
906402,陈酿白酒原浆,未勾调陈酿白酒原浆，老酒质感，三十年陈。直接从酒窖取出，保留了最原始的风味和酒精度,1,6,4,2,2,4,9771,0,0,icon_cp_ml_04_002,icon_dj_cp_ml_04_002
906403,母树大红袍,母树采摘大红袍，茶中极品。武夷山九龙窠悬崖仅存六株母树，年产数百克。2006年后已停止采摘，现存均为停采前库存,1,6,4,2,2,4,17160,0,0,icon_cp_ml_04_003,icon_dj_cp_ml_04_003
906404,百年绍兴老酒,百年封存绍兴黄酒，液体文物。酒液在坛中缓慢浓缩成糖浆状，糯米、麦曲和鉴湖水为原料，越陈越香,1,6,4,2,2,4,10030,0,0,icon_cp_ml_04_004,icon_dj_cp_ml_04_004
906405,顶级金骏眉,蜜香浓郁金骏眉，红茶天花板。只取芽头，一斤干茶需六至八万颗芽头，全手工采摘。蜜香是它的灵魂,1,6,4,1,2,2,5548,0,0,icon_cp_ml_04_005,icon_dj_cp_ml_04_005
906406,民国女儿红,民国女儿红，陈味厚重。女儿出生时封坛，出嫁时开坛——一坛糯米酒在土里埋了几十年，封坛的人已经不在了，酒还活着,1,6,4,2,3,6,9324,0,0,icon_cp_ml_04_006,icon_dj_cp_ml_04_006
906407,冰岛古树普洱,冰糖甜韵冰岛古树普洱，茶中贵族。云南临沧冰岛村古树树龄超五百年，入口甘甜回甘持久,1,6,4,1,2,2,4698,0,0,icon_cp_ml_04_007,icon_dj_cp_ml_04_007
906408,老班章普洱,滋味浓烈的老班章普洱，产自古树茶村，入口霸道茶气猛烈，普洱江湖里性格最鲜明的茶,1,6,4,1,1,1,6435,0,0,icon_cp_ml_04_008,icon_dj_cp_ml_04_008
906409,陈年竹叶青,清香草本竹叶青，陈味独特。以竹叶、砂仁、檀香等十二味中草药浸泡青花陈酿，新酒药香浓郁，陈年后药香转木香,1,6,4,1,1,1,3311,0,0,icon_cp_ml_04_009,icon_dj_cp_ml_04_009
906410,特供陈酿白酒,收藏级特供陈酿白酒，市面极少流通。只供特定渠道不对外销售，年份越早流通越少，每一瓶都有来历,1,6,4,1,1,1,2874,0,0,icon_cp_ml_04_010,icon_dj_cp_ml_04_010
906501,宋聘号老茶,清末宋聘号普洱号级茶王，百余年前古法普洱茶饼动辄百万每次拍卖让老茶圈子兴奋好几天,1,6,5,2,3,6,46850,20,5,icon_cp_ml_05_001,icon_dj_cp_ml_05_001
906502,西湖龙井贡茶,乾隆御供西湖龙井明前采摘，早一天采和晚一天采差的不只是价钱,1,6,5,2,2,4,32630,14,4,icon_cp_ml_05_002,icon_dj_cp_ml_05_002
906503,金奖白兰地,裕醇金奖白兰地，1915年巴拿马万国博览会夺金，中国蒸馏葡萄酒的早期代表,1,6,5,2,2,4,64570,27,7,icon_cp_ml_05_003,icon_dj_cp_ml_05_003
906504,御制桂花陈酒,清宫御制桂花陈酒陈年基酒浸泡桂花，皇帝喝的酒不一定最好一定最香,1,6,5,2,2,4,40440,17,4,icon_cp_ml_05_004,icon_dj_cp_ml_05_004
906505,香江陈年干邑,港澳豪门私藏陈年干邑XO级别二十年以上，香港干邑消费量曾全球第一每一瓶都被喝得一滴不剩,1,6,5,1,2,2,18990,8,2,icon_cp_ml_05_005,icon_dj_cp_ml_05_005
906506,普洱金瓜贡茶,皇家普洱金瓜贡茶形如金瓜，茶马古道三个月运到京城刚好发酵到最佳状态,1,6,5,1,1,1,25990,11,3,icon_cp_ml_05_006,icon_dj_cp_ml_05_006
906507,五十年陈酿白酒,五十年陈酿白酒酒体微黄拍卖级藏品，喝一瓶少一瓶世界不会产出第二瓶五十年前的陈酿白酒,1,6,5,1,1,1,14990,6,2,icon_cp_ml_05_007,icon_dj_cp_ml_05_007
906508,龙凤团茶残片,宋代龙凤团茶皇家贡茶千年前实物，欧阳修做二十年官才得一块舍不得喝,1,6,5,1,1,1,13990,6,2,icon_cp_ml_05_008,icon_dj_cp_ml_05_008
906509,民国原坛陈酿,民国青花陈酿原坛，清香骨架干净利落，老坛泥封完整,1,6,5,1,1,1,12620,5,1,icon_cp_ml_05_009,icon_dj_cp_ml_05_009
906510,岭南百年单丛,广东凤凰山百年老枞单丛香气霸道回甘强劲，同一座山上相邻两棵树做出来味道完全不同,1,6,5,1,1,1,14370,6,2,icon_cp_ml_05_010,icon_dj_cp_ml_05_010
906601,土陶瓶陈酿,1958年陈酿白酒土陶瓶无标无字，存世极少陈酿白酒收藏巅峰装的是饥荒年代的珍贵味道,1,6,6,1,2,2,454800,190,50,icon_cp_ml_06_001,icon_dj_cp_ml_06_001
906602,老普洱茶,老普洱茶，百年仓储慢陈化，木香与药香叠在一杯里,1,6,6,1,2,2,105000,44,12,icon_cp_ml_06_002,icon_dj_cp_ml_06_002
906603,顾渚紫笋贡茶,顾渚紫笋贡茶，唐代贡焙名品，芽形细直如笋,1,6,6,1,1,1,116200,48,13,icon_cp_ml_06_003,icon_dj_cp_ml_06_003
906604,百年窖藏,百年窖藏威士忌拍卖纪录保持者，橡木桶一百年天使份额喝完人间极品每一滴,1,6,6,2,1,2,113000,47,12,icon_cp_ml_06_004,icon_dj_cp_ml_06_004
906605,贾湖遗址古酒,河南贾湖遗址9000年前酒类遗存，人类酿酒史上最早的一杯酒人没留下酒留下了,1,6,6,3,5,15,1452000,605,160,icon_cp_ml_06_005,icon_dj_cp_ml_06_005
906606,唐代古茶饼,唐代古茶饼，蒸青压制成团，千年茶制实物证据,1,6,6,3,5,15,386400,161,43,icon_cp_ml_06_006,icon_dj_cp_ml_06_006
901111,粗陶碟,粗陶扁碟，釉面有缩釉点，边缘已磕碰,1,1,1,2,1,2,240,0,0,icon_cp_gd_01_011,icon_dj_cp_gd_01_011
901112,铁门扣,铁门扣锈迹斑斑，五金旧件，已报废,1,1,1,1,1,1,106,0,0,icon_cp_gd_01_012,icon_dj_cp_gd_01_012
901113,竹簸箕,竹编簸箕，篾条泛黑，农家筛粮旧具,1,1,1,2,1,2,236,0,0,icon_cp_gd_01_013,icon_dj_cp_gd_01_013
901211,棕编提篮,棕编提篮，纹理紧密，把手已磨得光亮,1,1,2,2,2,4,1010,0,0,icon_cp_gd_02_011,icon_dj_cp_gd_02_011
901212,铜鞋拔,铜质鞋拔，包浆温润，背面铸有字号,1,1,2,2,1,2,553,0,0,icon_cp_gd_02_012,icon_dj_cp_gd_02_012
901213,竹刻书签,竹刻书签，花卉纹饰，文房小雅物,1,1,2,1,1,1,330,0,0,icon_cp_gd_02_013,icon_dj_cp_gd_02_013
901312,铜兽钮印,铜兽钮小印，雕工精细，篆书二字清晰,1,1,3,3,2,6,4019,0,0,icon_cp_gd_03_012,icon_dj_cp_gd_03_012
901313,瓷水注,旧瓷水注，瘦高壶型，注嘴细长，青白釉色,1,1,3,1,2,2,1428,0,0,icon_cp_gd_03_013,icon_dj_cp_gd_03_013
901314,木雕如意,老木雕如意，木质温润，雕工繁复有序,1,1,3,2,2,4,2350,0,0,icon_cp_gd_03_014,icon_dj_cp_gd_03_014
901411,青花缠枝盘,明青花缠枝莲盘，发色浓郁一笔千色，三圈层叠纹饰,1,1,4,2,1,2,6021,0,0,icon_cp_gd_04_011,icon_dj_cp_gd_04_011
901412,掐丝珐琅盒,铜胎掐丝珐琅小盒，反复填釉烧制，盖合吸附有精度,1,1,4,4,3,12,23060,0,0,icon_cp_gd_04_012,icon_dj_cp_gd_04_012
901413,竹黄笔筒,竹黄贴雕笔筒，簧片不足一毫米，嘉定派竹刻精品,1,1,4,1,2,2,6182,0,0,icon_cp_gd_04_013,icon_dj_cp_gd_04_013
901513,错金银云纹樽,战国错金银青铜樽，金银丝比发细，嵌入后拔不出,1,1,5,2,2,4,38020,16,4,icon_cp_gd_05_013,icon_dj_cp_gd_05_013
901514,鎏金银香囊,唐鎏金银香囊，内置平衡环似陀螺仪，千年前的便携熏香,1,1,5,1,2,2,17200,7,2,icon_cp_gd_05_014,icon_dj_cp_gd_05_014
901515,定窑孩儿枕,宋定窑白瓷孩儿枕，娃娃侧卧背为枕，夏日消暑象生瓷,1,1,5,2,1,2,19780,8,2,icon_cp_gd_05_015,icon_dj_cp_gd_05_015
901612,舞马衔杯壶,唐代鎏金银壶，舞马衔杯浮雕，何家村窖藏金银器巅峰,1,1,6,3,2,6,251900,105,28,icon_cp_gd_06_012,icon_dj_cp_gd_06_012
901613,战国水晶杯,战国整雕水晶杯，简约如现代设计，防弹玻璃罩下的千年真品,1,1,6,1,2,2,124700,52,14,icon_cp_gd_06_013,icon_dj_cp_gd_06_013
901614,三星堆纵目面具,三星堆青铜纵目面具，双目柱突16厘米，古蜀文明未解之谜,1,1,6,2,2,4,427700,178,47,icon_cp_gd_06_014,icon_dj_cp_gd_06_014
901516,广彩人物盘,广州十三行外销瓷巅峰，一器十二色金彩铺面，羊城海上丝路遗珍——羊城拾光专属,1,1,5,2,1,2,20000,8,2,icon_cp_gd_05_016,icon_dj_cp_gd_05_016
901615,文帝行玺金印,广州南越王墓金印，纯金龟纽刻文帝行玺，岭南王权仿中原建制——羊城拾光专属,1,1,6,1,1,1,57120,24,6,icon_cp_gd_06_015,icon_dj_cp_gd_06_015
901517,官窑琮式瓶,南宋杭州官窑，仿良渚玉琮形制，粉青釉方瓶烧制极难——钱塘雅集专属,1,1,5,2,2,4,42410,18,5,icon_cp_gd_05_017,icon_dj_cp_gd_05_017
901616,良渚玉琮王,杭州良渚玉琮王，外方内圆神人兽面纹，五千年前解玉砂磨出的礼器巅峰——钱塘雅集专属,1,1,6,2,2,4,208400,87,23,icon_cp_gd_06_016,icon_dj_cp_gd_06_016
901518,成化鸡缸杯,明成化斗彩鸡缸杯，胎薄透光，2.8亿成交创纪录，沪上藏家旧藏——沪上风云专属,1,1,5,1,1,1,11290,5,1,icon_cp_gd_05_018,icon_dj_cp_gd_05_018
901617,大克鼎,西周大克鼎重201公斤，腹铭290字，上海博物馆镇馆之宝金石三宝之一——沪上风云专属,1,1,6,2,3,6,225000,94,25,icon_cp_gd_06_017,icon_dj_cp_gd_06_017
901519,百鹿尊,乾隆粉彩百鹿尊，紫禁城旧陈设，福禄双全的皇家御瓷——燕京御藏专属,1,1,5,2,2,4,36920,15,4,icon_cp_gd_05_019,icon_dj_cp_gd_05_019
901618,万历金丝冠,北京定陵万历金丝冠，纯金细丝编结无针线，龙冕编在金丝上的帝王身份——燕京御藏专属,1,1,6,2,2,4,186400,78,21,icon_cp_gd_06_018,icon_dj_cp_gd_06_018
901520,珐琅彩锦鸡瓶,乾隆珐琅彩锦鸡瓶，御用画师绘制，不满意即碎，香江拍场重器——香江竞逐专属,1,1,5,1,2,2,19570,8,2,icon_cp_gd_05_020,icon_dj_cp_gd_05_020
901619,萧何月下瓶,元青花人物故事梅瓶，苏麻离青绘萧何追韩信，全球仅十几件香江拍场标杆——香江竞逐专属,1,1,6,1,2,2,99990,42,11,icon_cp_gd_06_019,icon_dj_cp_gd_06_019
901521,罗塞塔碑,古埃及玄武岩石碑，三种文字并列刻写，放进霓城之巅也稳稳压得住整场气口——霓城之巅专属,1,1,5,2,2,4,35100,15,4,icon_cp_gd_05_021,icon_dj_cp_gd_05_021
901620,死海古卷,死海古卷，公元前手抄圣经文献，两千年后重见天日，摆进霓城之巅也自带压轴感——霓城之巅专属,1,1,6,4,4,16,416700,174,46,icon_cp_gd_06_020,icon_dj_cp_gd_06_020
902111,染色石珠,染色石料珠串，颜色均匀无纹理，地摊常见款,1,2,1,1,1,1,133,0,0,icon_cp_zb_01_011,icon_dj_cp_zb_01_011
902112,铁戒圈,铁质指环，小圆环，素面无饰,1,2,1,1,1,1,123,0,0,icon_cp_zb_01_012,icon_dj_cp_zb_01_012
902113,塑料耳坠,塑料仿珠耳坠，光泽假但造型活泼，廉价装饰品,1,2,1,1,1,1,115,0,0,icon_cp_zb_01_013,icon_dj_cp_zb_01_013
902311,紫晶坠,天然紫晶坠，切面工整，紫色均匀通透。水晶里人气最高的品类，入门不会错,1,2,3,3,2,6,4319,0,0,icon_cp_zb_03_011,icon_dj_cp_zb_03_011
902312,橄榄石钉,橄榄绿耳钉，颜色清新，小颗日常款。八月生辰石，戴着比放着好看,1,2,3,3,2,6,3402,0,0,icon_cp_zb_03_012,icon_dj_cp_zb_03_012
902313,碧玉手镯,和田碧玉手镯，色泽温润，圈口圆整。玉不出声，戴久了会在手腕上留下自己的温度,1,2,3,2,2,4,3284,0,0,icon_cp_zb_03_013,icon_dj_cp_zb_03_013
902412,翡翠豆荚,"冰种翡翠豆荚，透亮水足，雕工简洁。豆荚谐音""福豆""，翡翠挂件里送人不出错的那种",1,2,4,3,3,9,15670,0,0,icon_cp_zb_04_012,icon_dj_cp_zb_04_012
902413,星光红宝戒,星光红宝戒，六射星光清晰，灯下一转星线跟着转。红宝石里的异类，看的不只是颜色,1,2,4,1,1,1,4373,0,0,icon_cp_zb_04_013,icon_dj_cp_zb_04_013
902414,和田玉籽串,和田玉原籽手串，颗颗保留天然皮色，河水冲了几十万年才冲出这层皮,1,2,4,1,1,1,3381,0,0,icon_cp_zb_04_014,icon_dj_cp_zb_04_014
902510,矢车菊蓝宝戒,克什米尔矢车菊蓝宝石丝绒质感，蓝如深湖看之不尽,1,2,5,1,3,3,33160,14,4,icon_cp_zb_05_010,icon_dj_cp_zb_05_010
902511,翡翠如意锁,满绿翡翠如意锁浓郁饱满，锁住平安福气的经典挂件,1,2,5,3,3,9,71820,30,8,icon_cp_zb_05_011,icon_dj_cp_zb_05_011
902512,海螺珠项链,天然孔克珠项链粉色带火焰纹，一只海螺一生一颗无法养殖,1,2,5,2,2,4,44380,18,5,icon_cp_zb_05_012,icon_dj_cp_zb_05_012
902616,梦影典藏钻耳环,传奇影星旧藏圆形钻石耳环，名人佩戴照片有时比钻石本身更值钱,1,2,6,1,1,1,68360,28,8,icon_cp_zb_06_016,icon_dj_cp_zb_06_016
902617,格臻黄钻,格臻浓彩黄钻，枕形切割，颜色金黄饱满。黄钻是彩钻中最友好的入门品种——比白钻个性，比粉钻亲切,1,2,6,1,1,1,74240,31,8,icon_cp_zb_06_017,icon_dj_cp_zb_06_017
902618,卡纹豹首胸针,卡纹猎豹镶钻胸针祖母绿豹眼，半年以上工期宝石斑点不重复,1,2,6,1,2,2,105800,44,12,icon_cp_zb_06_018,icon_dj_cp_zb_06_018
902513,南沙古珠,南海沉船古珠单颗圆润，沿海贸航线进入广州十三行体系——羊城拾光专属,1,2,5,1,1,1,11760,5,1,icon_cp_zb_05_013,icon_dj_cp_zb_05_013
902619,粤绣百鸟屏,广州十三行时期粤绣金线百鸟屏，岭南绣娘针脚密到金线泡水不褪色的广绣绝技——羊城拾光专属,1,2,6,3,2,6,267500,111,29,icon_cp_zb_06_019,icon_dj_cp_zb_06_019
902514,良渚玉璧,杭州良渚文化玉璧，圆形大璧中孔圆整，天圆地方的史前礼器——钱塘雅集专属,1,2,5,2,2,4,39180,16,4,icon_cp_zb_05_014,icon_dj_cp_zb_05_014
902620,越王剑饰,吴越古地江南遗珍，越王剑上玉佩谷纹，饰兵之玉佑护持剑人——钱塘雅集专属,1,2,6,1,1,1,78650,33,9,icon_cp_zb_06_020,icon_dj_cp_zb_06_020
902515,翡翠牌坊链,上海老银楼牌坊款翡翠钻石项链，中式料子西式镶法的海派风格——沪上风云专属,1,2,5,2,2,4,45580,19,5,icon_cp_zb_05_015,icon_dj_cp_zb_05_015
902621,赫顿翡翠珠链,帝王绿翡翠珠链从上海到香港到纽约，横跨太平洋的名媛珠宝传奇——沪上风云专属,1,2,6,2,2,4,205900,86,23,icon_cp_zb_06_021,icon_dj_cp_zb_06_021
902516,点翠凤钗,燕京宫廷点翠凤钗翠羽贴制，灯光下翠蓝色泽流转，一门失传的羽毛记忆——燕京御藏专属,1,2,5,1,2,2,19050,8,2,icon_cp_zb_05_016,icon_dj_cp_zb_05_016
902622,翡翠朝珠,北京清宫翡翠朝珠108颗配碧玺佛头，朝服制度珠子颜色穿错了要掉脑袋——燕京御藏专属,1,2,6,2,2,4,211900,88,23,icon_cp_zb_06_022,icon_dj_cp_zb_06_022
902517,格臻粉红钻,格臻稀世粉红钻，颜色如樱花初绽，常在香港中环夜场拍卖创下亚太高价——香江竞逐专属,1,2,5,1,1,1,15880,7,2,icon_cp_zb_05_017,icon_dj_cp_zb_05_017
902623,日出红宝石,鸽血红宝石裸石颜色浓烈如日出，香江佳士得拍卖槌落时正好是香港日出——香江竞逐专属,1,2,6,1,1,1,64680,27,7,icon_cp_zb_06_023,icon_dj_cp_zb_06_023
902518,德累斯顿绿钻,41克拉天然绿钻，圆形切割，稀有度放进霓城之巅也照样排在前列——霓城之巅专属,1,2,5,1,1,1,12500,5,1,icon_cp_zb_05_018,icon_dj_cp_zb_05_018
902624,泰辉梨形巨钻,68克拉传奇梨形巨钻，名字一抬出来就够撑起霓城之巅的封面位置——霓城之巅专属,1,2,6,2,2,4,167900,70,18,icon_cp_zb_06_024,icon_dj_cp_zb_06_024
903111,塑料腕表,塑料腕表基础计时功能，圆盘配彩色表带，儿童入门级,1,3,1,1,1,1,145,0,0,icon_cp_sp_01_011,icon_dj_cp_sp_01_011
903112,布质手环,编织布手环潮流小物，环形无搭扣直接套腕，日常配饰,1,3,1,1,1,1,149,0,0,icon_cp_sp_01_012,icon_dj_cp_sp_01_012
903113,金属胸针,合金胸针造型简约，日常搭配小件配饰，无溢价饰品,1,3,1,1,1,1,119,0,0,icon_cp_sp_01_013,icon_dj_cp_sp_01_013
903211,牛皮卡包,头层牛皮小卡包装3-4张卡片，紧凑便携,1,3,2,1,1,1,297,0,0,icon_cp_sp_02_011,icon_dj_cp_sp_02_011
903212,帆布托特袋,帆布托特包方形手提，容量大日常通勤皆可,1,3,2,2,2,4,918,0,0,icon_cp_sp_02_012,icon_dj_cp_sp_02_012
903213,木质眼镜框,木质手工镜框复古造型，横宽设计,1,3,2,2,1,2,490,0,0,icon_cp_sp_02_013,icon_dj_cp_sp_02_013
903311,真丝领带,意大利真丝素色，长条七折手工缝制,1,3,3,1,3,3,2012,0,0,icon_cp_sp_03_011,icon_dj_cp_sp_03_011
903312,精钢腕表,精钢表壳入门级机械机芯，圆盘基础大三针,1,3,3,3,2,6,3583,0,0,icon_cp_sp_03_012,icon_dj_cp_sp_03_012
903313,牛皮公文包,头层牛皮公文包方形手提，可容纳14寸文件,1,3,3,2,2,4,2780,0,0,icon_cp_sp_03_013,icon_dj_cp_sp_03_013
903411,驰纹竹节手袋,驰纹1947年竹节手柄包，竹根火烤弯曲皮会旧竹越用越亮,1,3,4,2,2,4,9282,0,0,icon_cp_sp_04_011,icon_dj_cp_sp_04_011
903412,浪韵复古表,浪韵手动上链复古表，玫瑰金表壳，白盘金针，钻石时标。不追复杂功能，走时准就够了,1,3,4,1,1,1,3708,0,0,icon_cp_sp_04_012,icon_dj_cp_sp_04_012
903413,香影粗花呢外套,香影经典粗花呢套装，四口袋金纽扣编结滚边品相决定价值,1,3,4,2,2,4,7140,0,0,icon_cp_sp_04_013,icon_dj_cp_sp_04_013
903511,诗纹鎏金怀表,诗纹怀表，听擒纵声判断机芯是否原装,1,3,5,1,1,1,15750,7,2,icon_cp_sp_05_011,icon_dj_cp_sp_05_011
903512,香影山茶胸针,香影山茶胸针缎面配饰手工叠制，每一朵独立编号香影不说总数,1,3,5,2,3,6,38700,16,4,icon_cp_sp_05_012,icon_dj_cp_sp_05_012
903513,妃影宫廷翻盖包,妃影宫廷翻盖包，藤格纹缝线配金属挂坠，王妃一拎就把它拎进了经典序列,1,3,5,2,2,4,42840,18,5,icon_cp_sp_05_013,icon_dj_cp_sp_05_013
903606,易行铆角硬箱,易行老花纹硬箱，白杨木骨架配黄铜包角，木材要慢慢养干才压得住箱体,1,3,6,2,1,2,120800,50,13,icon_cp_sp_06_006,icon_dj_cp_sp_06_006
903607,威光密镶钻链,威光铂金钻石项链密镶工艺，钻石之王终其一生经手世界1/3重要钻石,1,3,6,1,1,1,150900,63,17,icon_cp_sp_06_007,icon_dj_cp_sp_06_007
903608,格鳞灵蛇腕表,格鳞灵蛇金表，盘绕金工缠出蛇身弧线，传奇女星戴过之后就彻底出圈,1,3,6,1,2,2,483000,201,53,icon_cp_sp_06_008,icon_dj_cp_sp_06_008
903514,象牙透雕折扇,广州十三行象牙透雕折扇，风经雕花缝隙分细流体感低两度，广作牙雕出口欧美代表作——羊城拾光专属,1,3,5,3,2,6,51600,22,6,icon_cp_sp_05_014,icon_dj_cp_sp_05_014
903609,花丝银眼镜,广式花丝银鎏金眼镜，银丝缠枝纹细得发虚，戴上就知道这是岭南外销工艺里的巧手货——羊城拾光专属,1,3,6,2,1,2,88200,37,10,icon_cp_sp_06_009,icon_dj_cp_sp_06_009
903515,都锦生织锦扇,都锦生织锦扇，蚕丝织出西湖全景。三十多种颜色全来自丝线本色，不是印的。挂在墙上比拿在手里合适——钱塘雅集专属,1,3,5,2,2,4,30350,13,3,icon_cp_sp_05_015,icon_dj_cp_sp_05_015
903610,胡雪岩紫檀家具,胡雪岩故居紫檀嵌螺钿家具，碎螺钿折射彩虹光泽，江南顶级工艺晚清首富的家底——钱塘雅集专属,1,3,6,3,4,12,431700,180,47,icon_cp_sp_06_010,icon_dj_cp_sp_06_010
903516,凤鎏银摆件,凤鎏银鎏金摆件，海派银器把中式器型和西式线条收在一起，摆出来就有沪上的讲究——沪上风云专属,1,3,5,2,2,4,34630,14,4,icon_cp_sp_05_016,icon_dj_cp_sp_05_016
903611,百乐门留声机,沪上百乐门定制大喇叭留声机，喇叭直径超半米物理扩音覆盖数百人，木质箱体与金属喇叭的独特共鸣空间——沪上风云专属,1,3,6,3,3,9,358400,149,39,icon_cp_sp_06_011,icon_dj_cp_sp_06_011
903517,联步朝靴,"联步缎面朝靴，手工纳底千层布底，老北京人讲究""脚上没鞋穷半截""——燕京御藏专属",1,3,5,1,2,2,18900,8,2,icon_cp_sp_05_017,icon_dj_cp_sp_05_017
903612,景泰蓝太平有象,燕京景泰蓝掐丝珐琅太平有象，铜丝掐出缠枝莲反复入窑烧制打磨鎏金，北京传统工艺四绝之一——燕京御藏专属,1,3,6,2,3,6,200700,84,22,icon_cp_sp_06_012,icon_dj_cp_sp_06_012
903518,绮藏凯影手袋,绮藏凯影手袋以摩纳哥王妃得名，香江中环买手最早把它带进亚太视野——香江竞逐专属,1,3,5,2,2,4,31060,13,3,icon_cp_sp_05_018,icon_dj_cp_sp_05_018
903613,陀飞轮钻石怀表,香江顶级私密拍场座上宾，18K金镶钻陀飞轮怀表70-100个零件全手工装配调校——香江竞逐专属,1,3,6,1,1,1,63660,27,7,icon_cp_sp_06_013,icon_dj_cp_sp_06_013
903519,法贝热彩蛋,法贝热帝国复活节彩蛋，珐琅、纯金与机关藏趣，摆进霓城之巅最会勾人回头——霓城之巅专属,1,3,5,1,1,1,15490,6,2,icon_cp_sp_05_019,icon_dj_cp_sp_05_019
903614,诗珑问号项链,诗珑问号项链，铂金弧线贴着肩颈落下，放进霓城之巅也足够挑灯——霓城之巅专属,1,3,6,2,2,4,144600,60,16,icon_cp_sp_06_014,icon_dj_cp_sp_06_014
904111,旧宣传画,老宣传画海报，边角泛黄。长方形画幅,1,4,1,5,2,10,713,0,0,icon_cp_zh_01_011,icon_dj_cp_zh_01_011
904112,包装纸手绘,包装纸上的随手涂鸦，小纸片。随手之作，无艺术价值,1,4,1,1,1,1,104,0,0,icon_cp_zh_01_012,icon_dj_cp_zh_01_012
904113,旧报剪报,老报纸剪报，小纸片。把某个日期的某条新闻剪下来保存到今天——时代信息的一块碎片,1,4,1,1,1,1,138,0,0,icon_cp_zh_01_013,icon_dj_cp_zh_01_013
904211,手绘扇面,手绘扇面，绢本花鸟，仿古风格,1,4,2,2,2,4,734,0,0,icon_cp_zh_02_011,icon_dj_cp_zh_02_011
904212,仿碑帖拓片,仿碑帖拓片，方形拓片，黑白分明。真拓片价高难求，仿品适合日常书法临摹参考,1,4,2,2,2,4,726,0,0,icon_cp_zh_02_012,icon_dj_cp_zh_02_012
904213,行书斗方,行书四字吉语斗方，方形小纸，笔法流畅。四字吉语适合装裱后悬挂，字数不多但章法要求高,1,4,2,1,1,1,306,0,0,icon_cp_zh_02_013,icon_dj_cp_zh_02_013
904311,绢本花鸟,绢本设色花鸟，构图完整，工笔精细。绢比纸贵，画比绢贵——工笔绢本在拍卖场上有双重增值逻辑,1,4,3,2,2,4,2105,0,0,icon_cp_zh_03_011,icon_dj_cp_zh_03_011
904312,行书七言联,行书七言对联，长条对联，笔法流畅。上联七字下联七字，对仗工整，字数不多但章法要求高,1,4,3,1,3,3,1912,0,0,icon_cp_zh_03_012,icon_dj_cp_zh_03_012
904313,仿古山水册,仿宋元山水册页，册页展开，笔墨古雅。仿古山水是学习宋元山水的传统方式——临摹古人化为己用，每一页都是一课,1,4,3,2,2,4,2252,0,0,icon_cp_zh_03_013,icon_dj_cp_zh_03_013
904411,八大山人仿作,八大山人（朱耷）风格花鸟仿作，冷逸孤傲。鸟翻白眼、鱼瞪人、山石奇崛——仿作追求的是这种精神气质，而非简单复制,1,4,4,2,2,4,7283,0,0,icon_cp_zh_04_011,icon_dj_cp_zh_04_011
904412,明四家扇面集,文沈唐仇风格扇面集锦，明四家四种风格汇聚一册。扇面虽小气象万千——四种风格之间的对照本身就是审美体验,1,4,4,2,2,4,10200,0,0,icon_cp_zh_04_012,icon_dj_cp_zh_04_012
904413,金石拓片卷,金石器物全形拓，竖幅拓片，黑白分明。将青铜器的立体造型拓印到平面纸上——黑白之间见立体，每张拓片都是一次性的,1,4,4,3,4,12,21260,0,0,icon_cp_zh_04_013,icon_dj_cp_zh_04_013
904512,《丧乱帖》摹本,王羲之《丧乱帖》唐摹本，八行六十二字，把悲愤写成有力道的一页,1,4,5,1,2,2,23180,10,3,icon_cp_zh_05_012,icon_dj_cp_zh_05_012
904513,《夜宴图》摹本,顾闳中《夜宴图》摹本，南唐名作。韩熙载夜宴宾客，乐伎弹唱觥筹交错——但宴会上最清醒的人比所有人都累,1,4,5,3,3,9,60960,25,7,icon_cp_zh_05_013,icon_dj_cp_zh_05_013
904514,《女史箴图》摹本,顾恺之《女史箴图》唐代摹本，以春蚕吐丝般的线条描摹宫廷女性仪范，每一页都是一个箴言故事,1,4,5,2,2,4,33240,14,4,icon_cp_zh_05_014,icon_dj_cp_zh_05_014
904613,《步辇图》,阎立本《步辇图》，唐太宗坐在步辇上接见吐蕃使臣禄东赞。太宗画得比所有人都小一截，但所有人的目光都看着他,1,4,6,2,2,4,205600,86,23,icon_cp_zh_06_013,icon_dj_cp_zh_06_013
904614,《永乐大典》,《永乐大典》，明成祖敕修巨型类书，是中国古代最大的百科全书。现存残卷仅约400册，散落全球,1,4,6,2,2,4,529500,221,58,icon_cp_zh_06_014,icon_dj_cp_zh_06_014
904615,《簪花仕女图》,周昉《簪花仕女图》，唐代宫廷贵妇簪花游园。衣纱轻透，发髻高耸，每一处细节都在说——她们是生活的主宰，也是奢靡的代言,1,4,6,2,3,6,259100,108,29,icon_cp_zh_06_015,icon_dj_cp_zh_06_015
904515,《枫鹰图》,高剑父《枫鹰图》，撞水撞粉画红枫苍鹰，岭南画派名头，新旧画法并立——羊城拾光专属,1,4,5,2,3,6,42200,18,5,icon_cp_zh_05_015,icon_dj_cp_zh_05_015
904616,十三行通草画,广州十三行通草纸水彩画，落笔即永恒的特制质感记录千年商埠海上往事——羊城拾光专属,1,4,6,2,2,4,190200,79,21,icon_cp_zh_06_016,icon_dj_cp_zh_06_016
904516,《六君子图》,倪瓒《六君子图》，六棵枯树立于坡岸，常见于杭州西湖文人书画专场的核心目录——钱塘雅集专属,1,4,5,2,3,6,43110,18,5,icon_cp_zh_05_016,icon_dj_cp_zh_05_016
904617,《鹊华秋色图》,赵孟頫《鹊华秋色图》，凭记忆画济南秋景送友人乡愁，画的是济南的景，用的是江南的笔——钱塘雅集专属,1,4,6,2,3,6,192600,80,21,icon_cp_zh_06_017,icon_dj_cp_zh_06_017
904517,《周庄》,吴冠中《周庄》，水乡全景，常列上海外滩近现代书画专场的海派重点拍品——沪上风云专属,1,4,5,3,2,6,52740,22,6,icon_cp_zh_05_017,icon_dj_cp_zh_05_017
904618,《九州无事乐耕耘》,徐悲鸿《九州无事乐耕耘》，老农与耕牛撑起战后安耕之愿，放进沪上近现代大场，这类作品总有人先盯住，——沪上风云专属,1,4,6,3,3,9,256500,107,28,icon_cp_zh_06_018,icon_dj_cp_zh_06_018
904518,《瑞鹤图》,赵佶《瑞鹤图》，群鹤翔集宣德门，属于北京宫廷书画专场的高热度题材——燕京御藏专属,1,4,5,2,3,6,39900,17,4,icon_cp_zh_05_018,icon_dj_cp_zh_05_018
904619,《百骏图》,郎世宁《百骏图》，清宫长卷，中西融合笔法常居北京宫廷旧藏专场前列——燕京御藏专属,1,4,6,2,4,8,315400,131,35,icon_cp_zh_06_019,icon_dj_cp_zh_06_019
904519,《桃源图》,张大千《桃源图》，泼彩山水横幅，画出桃花源找不到的感觉，在香港拍卖场以高额成交——香江竞逐专属,1,4,5,3,2,6,38070,16,4,icon_cp_zh_05_019,icon_dj_cp_zh_05_019
904620,《曲腿裸女》,常玉《曲腿裸女》，竖幅油画，极简线条里留着巴黎孤冷气，一幅裸女以近两亿港元成交。——香江竞逐专属,1,4,6,2,2,4,195400,81,21,icon_cp_zh_06_020,icon_dj_cp_zh_06_020
904520,米开朗基罗手稿,文艺复兴大师人体素描手稿，稀有度足够撑起霓城之巅的封面级图录——霓城之巅专属,1,4,5,1,2,2,20970,9,2,icon_cp_zh_05_020,icon_dj_cp_zh_05_020
904621,《救世主》,达·芬奇《救世主》，已知仍可交易的最后一幅私人持有达·芬奇，足够压住霓城之巅整场气口——霓城之巅专属,1,4,6,2,2,4,173100,72,19,icon_cp_zh_06_021,icon_dj_cp_zh_06_021
905111,碎珊瑚屑,破碎珊瑚碎屑，小碎片，海洋生物残骸。无收藏价值,1,5,1,1,1,1,131,0,0,icon_cp_hs_01_011,icon_dj_cp_hs_01_011
905112,贝币化石,小型贝壳印痕化石，小贝壳。贝壳本身已溶化，围岩上只剩一枚印痕，像时间的拓片,1,5,1,1,1,1,117,0,0,icon_cp_hs_01_012,icon_dj_cp_hs_01_012
905113,碎石结核,泥质结核，小石球，沉积岩中常见的球形结构。不是化石，就是凝结的石头,1,5,1,1,1,1,109,0,0,icon_cp_hs_01_013,icon_dj_cp_hs_01_013
905211,腕足化石,完整腕足壳体，宽扁壳体，古生代海洋。腕足动物长得像贝壳但不是贝壳，是独立的一个动物门,1,5,2,2,1,2,390,0,0,icon_cp_hs_02_011,icon_dj_cp_hs_02_011
905212,方解石晶簇,方解石晶体簇，晶簇块，晶面反光。晶簇像一片微缩的水晶森林，每一根晶柱都是天然的几何体,1,5,2,2,2,4,836,0,0,icon_cp_hs_02_012,icon_dj_cp_hs_02_012
905213,菊花石,"天然菊花状放射纹理奇石，圆石板。不是植物化石——是矿物结晶形成的天然图案，每一朵""菊花""都是独一无二的",1,5,2,2,2,4,686,0,0,icon_cp_hs_02_013,icon_dj_cp_hs_02_013
905311,完整直角石,完整直角石化石，长条锥形，古生代海洋。壳是直的，不是卷的——直角石是菊石的远古祖先,1,5,3,1,3,3,1543,0,0,icon_cp_hs_03_011,icon_dj_cp_hs_03_011
905312,海胆化石,完整海胆壳化石，刺座清晰，圆球形。海胆是棘皮动物，和海星海参同门。刺座密度决定身价,1,5,3,3,2,6,2565,0,0,icon_cp_hs_03_012,icon_dj_cp_hs_03_012
905313,钟乳石切片,钟乳石横切片，扁圆片，可见年轮状生长纹。一片切片就是一部缩微的洞穴历史——每一圈生长纹需要数百年才形成,1,5,3,2,1,2,1670,0,0,icon_cp_hs_03_013,icon_dj_cp_hs_03_013
905411,狼鳍鱼化石,完整狼鳍鱼化石骨骼细节清晰，最常见的古鱼化石每个古生物学生都挖到过,1,5,4,2,2,4,9111,0,0,icon_cp_hs_04_011,icon_dj_cp_hs_04_011
905412,沙漠玫瑰,沙漠玫瑰石膏晶簇花朵状造型，非化石是矿物在沙漠中开出的花,1,5,4,2,2,4,9193,0,0,icon_cp_hs_04_012,icon_dj_cp_hs_04_012
905413,恐龙羽毛碎片,恐龙羽毛印痕化石碎片，羽毛纹路清晰热河生物群远古信物,1,5,4,1,2,2,4287,0,0,icon_cp_hs_04_013,icon_dj_cp_hs_04_013
905511,恐龙皮肤印痕,恐龙皮肤鳞片排列如编织的印痕化石，皮烂了但泥上按出的印记还在,1,5,5,2,1,2,20660,9,2,icon_cp_hs_05_011,icon_dj_cp_hs_05_011
905512,菊石群板,大量菊石密集共生在同一石板，群集死亡被沉积物覆盖的罕见埋藏,1,5,5,2,3,6,42120,18,5,icon_cp_hs_05_012,icon_dj_cp_hs_05_012
905513,鱼眼石晶簇,鱼眼石柱状晶体无色至淡粉，印度普纳出产的晶体像鱼眼睛的矿物,1,5,5,1,1,1,14010,6,2,icon_cp_hs_05_013,icon_dj_cp_hs_05_013
905606,超大玛瑙晶洞,巨型玛瑙晶洞外壳粗糙内部紫色水晶密布，从普通石头砸开变水晶洞穴,1,5,6,2,2,4,165600,69,18,icon_cp_hs_06_006,icon_dj_cp_hs_06_006
905607,蓝锥矿晶体,蓝锥矿蓝紫色双锥晶体紫外线荧光明亮，全世界只有美国加州一个产地,1,5,6,1,1,1,135200,56,15,icon_cp_hs_06_007,icon_dj_cp_hs_06_007
905608,伯吉斯页岩化石,加拿大伯吉斯页岩寒武纪化石板，保存软躯体连肠子和眼睛都留下了,1,5,6,2,2,4,762000,318,84,icon_cp_hs_06_008,icon_dj_cp_hs_06_008
905609,马门溪龙骨架,重庆合川马门溪龙长22米超长脖子，侏罗纪蜥脚类恐龙中国古生物标志品种,1,5,6,4,4,16,689600,287,76,icon_cp_hs_06_009,icon_dj_cp_hs_06_009
905514,马坝人头骨,广东韶关马坝人早期智人头骨眉脊粗壮，华南最早古人类证明岭南也是人类起源地——羊城拾光专属,1,5,5,2,2,4,36770,15,4,icon_cp_hs_05_014,icon_dj_cp_hs_05_014
905610,岭南恐龙蛋窝,广东岭南一窝恐龙蛋大方板，恐龙妈妈最后一次产卵记录后再也没有回来——羊城拾光专属,1,5,6,3,3,9,344200,143,38,icon_cp_hs_06_010,icon_dj_cp_hs_06_010
905515,建德菊石群,浙江建德菊石群板横宽展开，中生代地层里藏着一个消失了的海洋世界——钱塘雅集专属,1,5,5,3,2,6,45670,19,5,icon_cp_hs_05_015,icon_dj_cp_hs_05_015
905611,缙云恐龙足迹,浙江缙云恐龙足迹石板三趾清晰，八千万年后脚印比恐龙的骨头先被发现——钱塘雅集专属,1,5,6,3,3,9,350100,146,39,icon_cp_hs_06_011,icon_dj_cp_hs_06_011
905516,斑彩菊石,斑彩菊石圆盘形虹彩光泽，壳壁亿万年压缩变出光谱，沪上矿物市场亚洲最大集散地——沪上风云专属,1,5,5,2,2,4,29490,12,3,icon_cp_hs_05_016,icon_dj_cp_hs_05_016
905612,始祖鸟化石,德国索尔恩霍芬始祖鸟有牙齿有翅膀有羽毛有尾巴，恐龙变鸟的中间截图，沪上拍场全球藏家焦点——沪上风云专属,1,5,6,3,2,6,261600,109,29,icon_cp_hs_06_012,icon_dj_cp_hs_06_012
905517,肿骨鹿角,肿骨鹿角化石北京周口店出，北京猿人菜单上最常见的一道被吃了几十万年的菜——燕京御藏专属,1,5,5,1,3,3,27740,12,3,icon_cp_hs_05_017,icon_dj_cp_hs_05_017
905613,顾氏小盗龙,辽宁热河生物群顾氏小盗龙四翼恐龙，前翅后翅皆覆飞羽恐龙向鸟演化的铁证——燕京御藏专属,1,5,6,3,3,9,239200,100,26,icon_cp_hs_06_013,icon_dj_cp_hs_06_013
905518,缅甸琥珀蜥蜴,缅甸琥珀含蜥蜴脚爪，透明包裹体清楚可见，像把白垩纪的一瞬间封进掌心——香江竞逐专属,1,5,5,1,1,1,14250,6,2,icon_cp_hs_05_018,icon_dj_cp_hs_05_018
905614,腔棘鱼化石,腔棘鱼化石轮廓完整，灭绝旧说被1938年活体发现推翻，香江活化石级标本——香江竞逐专属,1,5,6,2,3,6,241600,101,27,icon_cp_hs_06_014,icon_dj_cp_hs_06_014
905519,微网虫化石,微网虫化石，寒武纪稀有生物，放进霓城之巅也足够惹人围观——霓城之巅专属,1,5,5,2,2,4,34120,14,4,icon_cp_hs_05_019,icon_dj_cp_hs_05_019
905615,邓氏鱼化石,邓氏鱼化石，骨板像闸刀一样合拢，放进霓城之巅也一样够狠——霓城之巅专属,1,5,6,3,3,9,338400,141,37,icon_cp_hs_06_015,icon_dj_cp_hs_06_015
906111,速溶咖啡,普通速溶咖啡，小罐，日常饮品。最普通的提神饮料，无收藏价值,1,6,1,1,1,1,121,0,0,icon_cp_ml_01_011,icon_dj_cp_ml_01_011
906112,粗梗碎茶,茶梗碎末混合，散装袋。茶叶加工的下脚料，无品饮价值,1,6,1,1,1,1,134,0,0,icon_cp_ml_01_012,icon_dj_cp_ml_01_012
906113,散装啤酒,散装生啤，啤酒杯，日常饮品。最寻常的啤酒，无收藏价值,1,6,1,1,2,2,221,0,0,icon_cp_ml_01_013,icon_dj_cp_ml_01_013
906211,五年女儿红,五年陈绍兴女儿红，酒体尚浅，已初具陈酿风味。入门级黄酒，再放十年就是另一种东西了,1,6,2,1,2,2,395,0,0,icon_cp_ml_02_011,icon_dj_cp_ml_02_011
906212,正山小种,福建正山小种红茶，松烟香桂圆味。松木熏制是世界红茶的鼻祖工艺，烟熏渗透茶叶后与甜味结合,1,6,2,1,1,1,312,0,0,icon_cp_ml_02_012,icon_dj_cp_ml_02_012
906213,清香白酒,清香型纯粮白酒，白酒瓶，清蒸清烧。高粱为料，入口清爽不拖泥带水，纯粮酿造,1,6,2,3,5,15,1821,0,0,icon_cp_ml_02_013,icon_dj_cp_ml_02_013
906311,十五年白毫银针,十五年陈白毫银针，茶饼，白茶中的珍品。只取芽头满披白毫，陈化后毫香转药香，茶汤从浅黄转为琥珀,1,6,3,1,1,1,928,0,0,icon_cp_ml_03_011,icon_dj_cp_ml_03_011
906312,二十年越龙陈酿,二十年越龙陈酿，绍兴黄酒标杆，半干型花雕。酒体醇厚陈香浓郁，酒液在坛中逐年挥发浓缩——每多放一年浓度就高一分,1,6,3,2,2,4,2403,0,0,icon_cp_ml_03_012,icon_dj_cp_ml_03_012
906313,浓香白酒,浓香型纯粮白酒，白酒瓶，窖池发酵。高粱为主料，入口绵甜香气浓郁，纯粮酿造,1,6,3,3,5,15,5694,0,0,icon_cp_ml_03_013,icon_dj_cp_ml_03_013
906411,红印圆茶,五十年代红印普洱圆茶，普洱茶中的传奇。红色八中茶字印记是印级茶时代的开篇，红印之后才有绿印黄印蓝印,1,6,4,3,2,6,13530,0,0,icon_cp_ml_04_011,icon_dj_cp_ml_04_011
906412,五谷陈酿老酒,五谷陈酿浓香老酒五种粮食比例核心机密，喷香浓郁入口甘美占了一个多世纪商业秘密,1,6,4,3,5,15,16680,0,0,icon_cp_ml_04_012,icon_dj_cp_ml_04_012
906413,百年老枞水仙,武夷山百年老枞水仙，岩茶中的老枞之味。树龄超百年，木质味和苔藓味是标志性风味，树龄越老越明显,1,6,4,1,1,1,2936,0,0,icon_cp_ml_04_013,icon_dj_cp_ml_04_013
906511,中茶黄印,五十年代中茶黄印圆茶印级茶代表，包装纸黄色那批刚好最值钱不是黄色最好是存的刚好最多,1,6,5,1,2,2,21990,9,2,icon_cp_ml_05_011,icon_dj_cp_ml_05_011
906512,麦序18年单麦,麦序18年单麦，雪莉桶甜香和木调收得老练，属于一开瓶就让人安心的那类老牌酒,1,6,5,1,2,2,17590,7,2,icon_cp_ml_05_012,icon_dj_cp_ml_05_012
906513,益韵班章茶,益韵班章茶，班章古树料的猛劲被收得更顺，第一口就知道这茶不是走温和路线的,1,6,5,1,1,1,14490,6,2,icon_cp_ml_05_013,icon_dj_cp_ml_05_013
906607,路皇干邑,路皇干邑，百年老基酒慢慢托出木香和厚味，喝到嘴里像把时间直接抿进去了,1,6,6,2,2,4,401000,167,44,icon_cp_ml_06_007,icon_dj_cp_ml_06_007
906608,麦序1926单麦,麦序1926单一麦芽威士忌，雪莉桶陈年近六十年，威士忌市场的传说瓶,1,6,6,1,2,2,235900,98,26,icon_cp_ml_06_008,icon_dj_cp_ml_06_008
906609,益韵珍藏茶,益韵珍藏茶，勐海茶厂顶级拼配配方，限量发行。用最好的茶菁做最少的量——每一批的数量都写在包装上，从不重印,1,6,6,1,1,1,69970,29,8,icon_cp_ml_06_009,icon_dj_cp_ml_06_009
906514,新会陈皮老茶,新会陈皮配老茶陈香果香交融，广东人七百年陈皮泡茶习惯加了好喝更添岭南养身之道——羊城拾光专属,1,6,5,1,1,1,10620,4,1,icon_cp_ml_05_014,icon_dj_cp_ml_05_014
906610,荔枝湾百年果酒,广州荔枝湾百年果酒酒坛形，西关最古老的荔枝树下酿酒的人和喝醉的人都在同一树荫下——羊城拾光专属,1,6,6,2,2,4,176700,74,19,icon_cp_ml_06_010,icon_dj_cp_ml_06_010
906515,御前龙井明前茶,钱塘龙井御前十八棵明前头采，十八棵树一年采不够十斤不够分才是贡品最重要的属性——钱塘雅集专属,1,6,5,1,1,1,12870,5,1,icon_cp_ml_05_015,icon_dj_cp_ml_05_015
906611,绍兴花雕原坛,绍兴百年花雕原坛，泥封未启，江南酒窖里睡满一个世纪——钱塘雅集专属,1,6,6,2,2,4,142700,59,16,icon_cp_ml_06_011,icon_dj_cp_ml_06_011
906516,裕醇干红,裕醇解百纳干红，百年酒庄酿造工艺。三珠混酿在沪上西餐酒单里最常见，果香浓郁单宁柔和——沪上风云专属,1,6,5,1,2,2,16390,7,2,icon_cp_ml_05_016,icon_dj_cp_ml_05_016
906612,诗爵陈酿干邑,诗爵陈酿干邑，以创始家族传承为卖点，老酒基调在沪上夜场最吃香——沪上风云专属,1,6,6,1,2,2,107000,45,12,icon_cp_ml_06_012,icon_dj_cp_ml_06_012
906517,长白山野山参酒,长白山野山参浸入白酒体完整，北方滋补佳酿燕京宫廷贡品——燕京御藏专属,1,6,5,1,2,2,19990,8,2,icon_cp_ml_05_017,icon_dj_cp_ml_05_017
906613,御赐金华酒,明清两代御用贡酒金华酒，皇帝赐酒大臣摆香案接旨再开的北京宫廷贡酒制度——燕京御藏专属,1,6,6,2,2,4,149500,62,16,icon_cp_ml_06_013,icon_dj_cp_ml_06_013
906518,诗爵杯莫停干邑,诗爵陈年干邑，香江酒桌上的常客，杯子一空就有人替你续上——香江竞逐专属,1,6,5,1,2,2,18790,8,2,icon_cp_ml_05_018,icon_dj_cp_ml_05_018
906614,麦序创世纪单麦,小麦序72年超高龄威士忌橡木桶住了72年比多数人寿命长，香港亚洲最大威士忌拍卖市场的香江标配——香江竞逐专属,1,6,6,1,2,2,111000,46,12,icon_cp_ml_06_014,icon_dj_cp_ml_06_014
906519,清宫普洱茶膏,清代宫廷普洱茶膏，把几十斤茶压进一小块，放进霓城之巅也足够稀罕——霓城之巅专属,1,6,5,1,1,1,13000,5,1,icon_cp_ml_05_019,icon_dj_cp_ml_05_019
906615,龄酿40年威士忌,龄酿40年威士忌，老酒彼此托住层次，放进霓城之巅的压轴酒局也照样稳——霓城之巅专属,1,6,6,1,2,2,97960,41,11,icon_cp_ml_06_015,icon_dj_cp_ml_06_015
902625,江山永固·金杯,乾隆金瓯永固杯嵌宝鎏金，元旦开笔御用乾隆亲自审定设计,1,2,6,2,2,4,20260000,8442,2200,icon_cp_zb_06_025,icon_dj_cp_zb_06_025
901621,十二生肖兽首·鼠,圆明园十二兽首·鼠首，海晏堂水力钟构件。2013年由法国皮诺家族与兔首一同捐赠归国,1,1,6,2,2,4,800000,333,88,icon_cp_gd_06_021,icon_dj_cp_gd_06_021
901622,十二生肖兽首·牛,圆明园十二兽首·牛首，海晏堂水力钟构件。2000年香港拍卖后捐赠归国,1,1,6,2,2,4,800000,333,88,icon_cp_gd_06_022,icon_dj_cp_gd_06_022
901623,十二生肖兽首·虎,圆明园十二兽首·虎首，海晏堂水力钟构件。2000年与牛首猴首一同回归,1,1,6,2,2,4,800000,333,88,icon_cp_gd_06_023,icon_dj_cp_gd_06_023
901624,十二生肖兽首·兔,圆明园十二兽首·兔首，海晏堂水力钟构件。2013年由法国藏家捐赠归国,1,1,6,2,2,4,800000,333,88,icon_cp_gd_06_024,icon_dj_cp_gd_06_024
901625,十二生肖兽首·龙,圆明园十二兽首·龙首，海晏堂水力钟构件。至今下落不明,1,1,6,2,2,4,800000,333,88,icon_cp_gd_06_025,icon_dj_cp_gd_06_025
901626,十二生肖兽首·蛇,圆明园十二兽首·蛇首，海晏堂水力钟构件。至今下落不明,1,1,6,2,2,4,800000,333,88,icon_cp_gd_06_026,icon_dj_cp_gd_06_026
901627,十二生肖兽首·马,圆明园十二兽首·马首，海晏堂水力钟构件。2007年澳门拍卖后捐赠归国,1,1,6,2,2,4,800000,333,88,icon_cp_gd_06_027,icon_dj_cp_gd_06_027
901628,十二生肖兽首·羊,圆明园十二兽首·羊首，海晏堂水力钟构件。至今下落不明,1,1,6,2,2,4,800000,333,88,icon_cp_gd_06_028,icon_dj_cp_gd_06_028
901629,十二生肖兽首·猴,圆明园十二兽首·猴首，海晏堂水力钟构件。2000年与牛首虎首一同回归,1,1,6,2,2,4,800000,333,88,icon_cp_gd_06_029,icon_dj_cp_gd_06_029
901630,十二生肖兽首·鸡,圆明园十二兽首·鸡首，海晏堂水力钟构件。至今下落不明,1,1,6,2,2,4,800000,333,88,icon_cp_gd_06_030,icon_dj_cp_gd_06_030
901631,十二生肖兽首·狗,圆明园十二兽首·狗首，海晏堂水力钟构件。至今下落不明,1,1,6,2,2,4,800000,333,88,icon_cp_gd_06_031,icon_dj_cp_gd_06_031
901632,十二生肖兽首·猪,圆明园十二兽首·猪首，海晏堂水力钟构件。2003年由澳门藏家捐赠归国,1,1,6,2,2,4,800000,333,88,icon_cp_gd_06_032,icon_dj_cp_gd_06_032
901633,后母戊鼎,商代青铜鼎王，832公斤世界之最，三千年前协同铸造奇迹,1,1,6,3,3,9,880000,367,97,icon_cp_gd_06_033,icon_dj_cp_gd_06_033
901634,四羊方尊,商代青铜酒器，一器四羊造型无双，历史课本C位,1,1,6,3,2,6,880000,367,97,icon_cp_gd_06_034,icon_dj_cp_gd_06_034
901635,毛公鼎,西周毛公鼎，内壁铭文497字，迄今铭文最长的青铜器，兼具礼器与文献双重价值——一部铸在铜上的西周文献,1,1,6,2,2,4,880000,367,97,icon_cp_gd_06_035,icon_dj_cp_gd_06_035
901636,大盂鼎,西周大盂鼎，内壁铭文291字，周初分封与禁酒制度的关键实物证据——一段铭文直接对照一本《尚书》,1,1,6,2,2,4,880000,367,97,icon_cp_gd_06_036,icon_dj_cp_gd_06_036
902626,库里南钻石,库里南钻石，3106克拉原石，切割出九颗王室名钻——切割师落刀前据说紧张到昏了过去,1,2,6,2,2,4,860000,358,95,icon_cp_zb_06_026,icon_dj_cp_zb_06_026
902627,光之山钻石,光之山钻石，105克拉古老名钻——一颗钻石上写着四个帝国的名字,1,2,6,2,2,4,860000,358,95,icon_cp_zb_06_027,icon_dj_cp_zb_06_027
902628,希望蓝钻,45.52克拉传奇蓝钻，诅咒传说让每一任拥有者以各种方式失去它,1,2,6,2,2,4,860000,358,95,icon_cp_zb_06_028,icon_dj_cp_zb_06_028
902629,摄政王钻石,摄政王钻石，140克拉法国王室名钻，曾镶嵌于三顶王冠和一把御剑——在君主制和帝国之间切换了三次,1,2,6,2,2,4,860000,358,95,icon_cp_zb_06_029,icon_dj_cp_zb_06_029
902630,奥尔洛夫钻石,奥尔洛夫钻石，189克拉古印度名钻——从神庙神像的眼中走到俄国女皇的权杖顶端,1,2,6,2,2,4,860000,358,95,icon_cp_zb_06_030,icon_dj_cp_zb_06_030
903615,景泰蓝宝瓶,景泰蓝宝瓶，铜胎掐丝珐琅——一件景泰蓝，十箱官窑器,1,3,6,1,2,2,750000,313,83,icon_cp_sp_06_015,icon_dj_cp_sp_06_015
903616,玉雕山子,玉雕山子，整块玉石随形就势雕刻山水人物——每次下刀都是不可逆的,1,3,6,3,2,6,750000,313,83,icon_cp_sp_06_016,icon_dj_cp_sp_06_016
903617,牙雕笔筒,牙雕笔筒，鬼斧神工毫厘之间见真章——圆筒壁上可以雕出数十个人物,1,3,6,1,2,2,750000,313,83,icon_cp_sp_06_017,icon_dj_cp_sp_06_017
903618,雕漆圆盒,雕漆圆盒，百里千刀一斤漆——百层大漆叠加后以刻刀逐层下切,1,3,6,1,1,1,750000,313,83,icon_cp_sp_06_018,icon_dj_cp_sp_06_018
903619,金漆镶嵌插屏,"金漆镶嵌插屏，金漆为底嵌螺钿玉石百宝——用不同材质的光泽构成一幅""材质绘画""",1,3,6,3,4,12,750000,313,83,icon_cp_sp_06_019,icon_dj_cp_sp_06_019
903620,花丝嵌宝凤冠,花丝嵌宝凤冠，细金工艺燕京八绝之首——金丝拉到比头发还细再编织成凤凰的每一根羽毛,1,3,6,2,2,4,750000,313,83,icon_cp_sp_06_020,icon_dj_cp_sp_06_020
903621,宫毯,宫毯，经纬之间锦绣乾坤——每一根绒线都由工匠手工绕结在经线上再切断,1,3,6,5,3,15,750000,313,83,icon_cp_sp_06_021,icon_dj_cp_sp_06_021
903622,京绣屏风,京绣屏风，一针一线尽显皇家气派——用刺绣替代绘画在空间中的角色,1,3,6,3,4,12,750000,313,83,icon_cp_sp_06_022,icon_dj_cp_sp_06_022
904622,《兰亭序》,《兰亭序》，王羲之于东晋永和九年兰亭雅集乘兴挥毫而成，被奉为天下第一行书，真迹已随唐太宗入葬,1,4,6,2,2,4,890000,371,98,icon_cp_zh_06_022,icon_dj_cp_zh_06_022
904623,《祭侄文稿》,《祭侄文稿》，天下第二行书，颜真卿悲愤之下满篇涂改乃草稿真实的泪水,1,4,6,2,2,4,890000,371,98,icon_cp_zh_06_023,icon_dj_cp_zh_06_023
904624,《寒食帖》,《寒食帖》，苏轼谪居黄州时所作诗帖，天下第三行书——一笔一划都在情绪失控的边缘,1,4,6,2,2,4,890000,371,98,icon_cp_zh_06_024,icon_dj_cp_zh_06_024
904625,《曹全碑》,《曹全碑》，东汉隶书名碑，秀逸端整——汉隶中美的一路,1,4,6,2,3,6,720000,300,79,icon_cp_zh_06_025,icon_dj_cp_zh_06_025
904626,《乙瑛碑》,《乙瑛碑》，东汉礼制碑刻名作——隶书从古拙走向规整的转折点,1,4,6,2,3,6,720000,300,79,icon_cp_zh_06_026,icon_dj_cp_zh_06_026
904627,《礼器碑》,《礼器碑》，东汉碑刻中书法水平最高的一通——笔画瘦劲如铁画银钩,1,4,6,2,3,6,720000,300,79,icon_cp_zh_06_027,icon_dj_cp_zh_06_027
904628,《张迁碑》,《张迁碑》，东汉碑刻雄浑朴厚——笔画像凿石一样粗重有力,1,4,6,2,3,6,720000,300,79,icon_cp_zh_06_028,icon_dj_cp_zh_06_028
905616,寿山田黄石章,寿山田黄石章，石中帝王——好的田黄放在手心会自生温暖，黄金易得田黄难求,1,5,6,2,2,4,760000,317,84,icon_cp_hs_06_016,icon_dj_cp_hs_06_016
905617,青田石印章,青田石印章，细润走刀爽利——刻刀推进时爽快不涩，刀石之间的对话感在所有印石中排第一,1,5,6,2,2,4,760000,317,84,icon_cp_hs_06_017,icon_dj_cp_hs_06_017
905618,昌化鸡血石章,昌化鸡血石章，石体含鲜红辰砂斑块如血渗透——大红袍级别的满红鸡血石极为珍贵,1,5,6,2,2,4,760000,317,84,icon_cp_hs_06_018,icon_dj_cp_hs_06_018
905619,巴林石印章,巴林石印章，色泽从乳白到鸡血红到墨绿——矿脉不同位置产出完全不同的色彩效果,1,5,6,2,2,4,760000,317,84,icon_cp_hs_06_019,icon_dj_cp_hs_06_019
905620,翼手龙标本,"翼手龙标本，最早被科学命名的翼龙类——1784年它的发现让欧洲科学界第一次面对""灭绝的飞行爬行动物""",1,5,6,3,2,6,830000,346,91,icon_cp_hs_06_020,icon_dj_cp_hs_06_020
905621,无齿翼龙标本,无齿翼龙标本，晚白垩纪北美飞行爬行动物，翼展七米——骨骼空心到体长七米却只重二十公斤,1,5,6,3,2,6,830000,346,91,icon_cp_hs_06_021,icon_dj_cp_hs_06_021
905622,风神翼龙标本,风神翼龙标本，已知最大飞行动物——翼展超十米，站立高度与长颈鹿相当,1,5,6,3,2,6,830000,346,91,icon_cp_hs_06_022,icon_dj_cp_hs_06_022
905623,喙嘴翼龙标本,"喙嘴翼龙标本，侏罗纪中小型翼龙——细长吻部长尾带尾舵，翼龙演化史中""有尾阶段""的代表",1,5,6,3,2,6,830000,346,91,icon_cp_hs_06_023,icon_dj_cp_hs_06_023
905624,达尔文翼龙标本,"达尔文翼龙标本，兼具早期翼龙的长尾和晚期翼龙的头冠——""演化在一只动物身上发生了一半""",1,5,6,3,2,6,830000,346,91,icon_cp_hs_06_024,icon_dj_cp_hs_06_024
905625,古神翼龙标本,古神翼龙标本，早白垩纪巴西翼龙——高耸头冠如骨质巨扇，见过一次就不会和任何翼龙搞混,1,5,6,3,2,6,830000,346,91,icon_cp_hs_06_025,icon_dj_cp_hs_06_025
906616,杜康古酿,杜康古酿，中国酒文化最古老的名字，因曹操名句成为千年符号。古代六大名酿之一，放在一起看更像中国酒脉的开篇,1,6,6,2,3,6,790000,329,87,icon_cp_ml_06_016,icon_dj_cp_ml_06_016
906617,兰陵御酿,兰陵御酿，因李白诗句名扬天下——兰陵美酒郁金香，玉碗盛来琥珀光。古代六大名酿之一，靠一首诗把名酒气质留到了今天,1,6,6,2,3,6,790000,329,87,icon_cp_ml_06_017,icon_dj_cp_ml_06_017
906618,桑落陈酿,桑落陈酿，桑叶凋落时节酿造得名，最能带出古人饮酒的秋令感。古代六大名酿之一，正好把古人饮酒的时令感补齐,1,6,6,2,3,6,790000,329,87,icon_cp_ml_06_018,icon_dj_cp_ml_06_018
906619,屠苏春酿,屠苏春酿，春节大年初一全家按年纪从小到大饮用的民俗药酒。古代六大名酿之一，少者得岁故先饮，老者失岁故后饮,1,6,6,2,3,6,790000,329,87,icon_cp_ml_06_019,icon_dj_cp_ml_06_019
906620,西域葡萄酿,西域葡萄酿，丝路交流的味觉证据。古代六大名酿之一，葡萄美酒夜光杯，唐诗里最著名的异域搭配,1,6,6,2,3,6,790000,329,87,icon_cp_ml_06_020,icon_dj_cp_ml_06_020
906621,月桂花酿,月桂花酿，八月桂花入酒浸酿。古代六大名酿之一，最能带出中秋与团圆气息,1,6,6,2,3,6,790000,329,87,icon_cp_ml_06_021,icon_dj_cp_ml_06_021
901637,十三幺-一万,万字牌首牌，象征财富之源,1,1,6,1,1,1,700000,292,77,icon_cp_gd_06_037,icon_dj_cp_gd_06_037
901638,十三幺-九万,万字牌末牌，寓意至尊至贵,1,1,6,1,1,1,700000,292,77,icon_cp_gd_06_038,icon_dj_cp_gd_06_038
901639,十三幺-一筒,筒字牌首牌，古钱币造型,1,1,6,1,1,1,700000,292,77,icon_cp_gd_06_039,icon_dj_cp_gd_06_039
901640,十三幺-九筒,筒字牌末牌，九宫圆满之意,1,1,6,1,1,1,700000,292,77,icon_cp_gd_06_040,icon_dj_cp_gd_06_040
901641,十三幺-一索,索字牌首牌，竹节穿钱之意,1,1,6,1,1,1,700000,292,77,icon_cp_gd_06_041,icon_dj_cp_gd_06_041
901642,十三幺-九索,索字牌末牌，长久绵延之兆,1,1,6,1,1,1,700000,292,77,icon_cp_gd_06_042,icon_dj_cp_gd_06_042
901643,十三幺-东风,风牌之首，紫气东来,1,1,6,1,1,1,700000,292,77,icon_cp_gd_06_043,icon_dj_cp_gd_06_043
901644,十三幺-南风,风牌次位，南天一柱,1,1,6,1,1,1,700000,292,77,icon_cp_gd_06_044,icon_dj_cp_gd_06_044
901645,十三幺-西风,风牌三位，西山落日,1,1,6,1,1,1,700000,292,77,icon_cp_gd_06_045,icon_dj_cp_gd_06_045
901646,十三幺-北风,风牌末位，北辰之星,1,1,6,1,1,1,700000,292,77,icon_cp_gd_06_046,icon_dj_cp_gd_06_046
901647,十三幺-红中,三元牌之首，中正通达,1,1,6,1,1,1,700000,292,77,icon_cp_gd_06_047,icon_dj_cp_gd_06_047
901648,十三幺-发财,三元牌次位，财运亨通,1,1,6,1,1,1,700000,292,77,icon_cp_gd_06_048,icon_dj_cp_gd_06_048
901649,十三幺-白板,三元牌末位，清白传家,1,1,6,1,1,1,700000,292,77,icon_cp_gd_06_049,icon_dj_cp_gd_06_049
802605,非洲之心,库里南钻石切割品，3106克拉原石为迄今最大宝石级钻石,1,2,6,1,1,1,13145200,5477,3900,icon_cp_zb_06_005,icon_dj_cp_zb_06_005
802625,江山永固·金杯,乾隆金瓯永固杯嵌宝鎏金，元旦开笔御用乾隆亲自审定设计,1,2,6,2,2,4,20260000,8442,6100,icon_cp_zb_06_025,icon_dj_cp_zb_06_025
701601,百代唱片,"百代唱片，1908年上海建厂，中国最早的唱片工业实物——当年""百代""就是唱片的同义词——S1赛季专属",1,1,6,3,3,9,354100,148,39,icon_cp_gd_06_001_S1,icon_dj_cp_gd_06_001_S1
702601,卡纹Love手镯,卡纹手镯，1969年诞生，椭圆造型以螺丝锁扣闭合——戴上它需要一把小螺丝刀——S1赛季专属,1,2,6,1,1,1,231500,96,25,icon_cp_zb_06_001_S1,icon_dj_cp_zb_06_001_S1
703601,盛典奖杯,盛典水晶奖杯，经典多棱切割造型，底座刻2036——S1赛季专属,1,3,6,2,3,6,525500,219,58,icon_cp_sp_06_001_S1,icon_dj_cp_sp_06_001_S1
601601,百代唱片,"百代唱片，1908年上海建厂，中国最早的唱片工业实物——当年""百代""就是唱片的同义词——S1赛季专属",1,1,6,3,3,9,354100,148,1000,icon_cp_gd_06_001_S1,icon_dj_cp_gd_06_001_S1
602601,卡纹Love手镯,卡纹手镯，1969年诞生，椭圆造型以螺丝锁扣闭合——戴上它需要一把小螺丝刀——S1赛季专属,1,2,6,1,1,1,231500,96,1000,icon_cp_zb_06_001_S1,icon_dj_cp_zb_06_001_S1
603601,盛典奖杯,盛典水晶奖杯，经典多棱切割造型，底座刻2036——S1赛季专属,1,3,6,2,3,6,525500,219,1000,icon_cp_sp_06_001_S1,icon_dj_cp_sp_06_001_S1
501601,大力神杯,金色杯身托起地球，1974年启用至今，世界杯冠军荣誉的最高象征,1,1,6,2,3,6,689800,287,76,icon_cp_gd_06_001_hd,icon_dj_cp_gd_06_001_hd
502601,会徽胸章,鎏金盾牌造型，搭配祖母绿纹理的金属胸章，把整届赛事压进衣襟之间,1,2,6,1,1,1,242600,101,27,icon_cp_zb_06_001_hd,icon_dj_cp_zb_06_001_hd
503601,三重浪足球,黑白经典六边形拼接，辅以黑金鎏金波浪纹理，尽显高端赛事典藏质感,1,3,6,2,2,4,417700,174,46,icon_cp_sp_06_001_hd,icon_dj_cp_sp_06_001_hd
503602,10号球衣,蓝白条纹10号球衣，背号压在球迷记忆中央，卫冕冠军的夏日信物,1,3,6,2,3,6,573300,239,63,icon_cp_sp_06_002_hd,icon_dj_cp_sp_06_002_hd
504601,赛事海报,官方主题赛事海报，融合足球、各国旗帜与城市地标元素，勾勒出赛事激情,1,4,6,3,4,12,324300,135,36,icon_cp_zh_06_001_hd,icon_dj_cp_zh_06_001_hd
503603,AWM狙击枪,AWM狙击步枪，搭载.338拉普阿弹药，远程精密射击的一枪定胜负之选,1,3,6,6,2,12,600600,250,66,icon_cp_sp_06_003_hd,icon_dj_cp_sp_06_003_hd
503604,三级复合头盔,三级复合头盔，凯夫拉+PE复合材质，全防护战术头盔,1,3,6,2,2,4,321300,134,35,icon_cp_sp_06_004_hd,icon_dj_cp_sp_06_004_hd
503605,三级战术防弹衣,三级战术防弹衣，插板式陶瓷防弹，覆盖躯干核心区域,1,3,6,2,2,4,357000,149,39,icon_cp_sp_06_005_hd,icon_dj_cp_sp_06_005_hd
503606,破片手榴弹,破片手榴弹，延时引信+破片杀伤，单兵面杀伤武器,1,3,6,1,1,1,152300,63,17,icon_cp_sp_06_006_hd,icon_dj_cp_sp_06_006_hd
503607,特战军牌,特战军牌，不锈钢蚀刻身份铭牌，单兵身份识别标识,1,3,6,1,2,2,210000,88,23,icon_cp_sp_06_007_hd,icon_dj_cp_sp_06_007_hd
503608,特种兵·侦察,基础款，暗色战术涂装，标准战斗姿态，随处可见的经典款,1,3,6,3,3,9,1280000,533,140,icon_cp_sp_06_008_hd,icon_dj_cp_sp_06_008_hd
503609,特种兵·暗袭,进阶款，全黑夜间涂装，隐匿于暗影之中，无声无息,1,3,6,3,3,9,8880000,3700,980,icon_cp_sp_06_009_hd,icon_dj_cp_sp_06_009_hd
503610,特种兵·狙杀,进阶款，狙击姿态，配备高倍镜步枪，百步穿杨,1,3,6,3,3,9,8880000,3700,980,icon_cp_sp_06_010_hd,icon_dj_cp_sp_06_010_hd
503611,特种兵·突击,进阶款，突击姿态，随时突破防线，冲锋在前,1,3,6,3,3,9,8880000,3700,980,icon_cp_sp_06_011_hd,icon_dj_cp_sp_06_011_hd
503612,特种兵·传奇,隐藏款，纯金涂装，披风猎猎，极稀有现身，身份象征,1,3,6,3,3,9,68880000,28700,7600,icon_cp_sp_06_012_hd,icon_dj_cp_sp_06_012_hd
501602,未鉴宫灯,一件尚待鉴定的宫灯，铜质灯体纹饰细密，表面覆有岁月痕迹--古董周活动专属,1,1,6,2,2,4,69460,29,8,icon_cp_gd_06_002_hd,icon_dj_cp_gd_06_002_hd
501603,未鉴奔马俑,一件尚待鉴定的奔马俑，奔马造型灵动，局部泛出古铜光泽--古董周活动专属,1,1,6,2,2,4,109700,46,12,icon_cp_gd_06_003_hd,icon_dj_cp_gd_06_003_hd
501604,未鉴彩俑,一件尚待鉴定的彩俑，人物形态生动，表面留有彩绘痕迹--古董周活动专属,1,1,6,1,2,2,180600,75,20,icon_cp_gd_06_004_hd,icon_dj_cp_gd_06_004_hd
501605,未鉴驼俑,一件尚待鉴定的陶俑，骆驼造型，表面覆有斑驳彩釉--古董周活动专属,1,1,6,2,2,4,255900,107,28,icon_cp_gd_06_005_hd,icon_dj_cp_gd_06_005_hd
501606,未鉴珐琅炉,一件尚待鉴定的珐琅炉，炉身饰有彩色纹样，釉面流光隐现--古董周活动专属,1,1,6,3,3,9,618000,258,68,icon_cp_gd_06_006_hd,icon_dj_cp_gd_06_006_hd
502602,待琢绯钻,一枚尚待开琢的绯钻，通体深红，内部似有暗色流光--珠宝周活动专属,1,2,6,1,1,1,67620,28,7,icon_cp_zb_06_002_hd,icon_dj_cp_zb_06_002_hd
502603,待琢猫眼,一枚尚待开琢的猫眼，金绿石体中央隐约浮现游光--珠宝周活动专属,1,2,6,1,1,1,115000,48,13,icon_cp_zb_06_003_hd,icon_dj_cp_zb_06_003_hd
502604,待琢蓝宝石,一枚尚待开琢的蓝宝石，色泽深邃，晶体通透纯净--珠宝周活动专属,1,2,6,1,1,1,182600,76,20,icon_cp_zb_06_004_hd,icon_dj_cp_zb_06_004_hd
502605,待琢金刚石,一枚尚待开琢的金刚石，晶体棱角分明，表面折射出冷冽光泽--珠宝周活动专属,1,2,6,1,1,1,257000,107,28,icon_cp_zb_06_005_hd,icon_dj_cp_zb_06_005_hd
502606,待琢灵珠,一枚尚待开琢的灵珠，珠体温润幽暗，表面萦绕微弱光晕--珠宝周活动专属,1,2,6,1,1,1,642400,268,71,icon_cp_zb_06_006_hd,icon_dj_cp_zb_06_006_hd
503613,暂无名称,阿巴阿巴,1,3,6,1,1,1,99999,42,11,icon_cp_sp_06_013_hd,icon_dj_cp_sp_06_013_hd
503614,暂无名称,阿巴阿巴,1,3,6,1,1,1,99999,42,11,icon_cp_sp_06_014_hd,icon_dj_cp_sp_06_014_hd
503615,暂无名称,阿巴阿巴,1,3,6,1,1,1,99999,42,11,icon_cp_sp_06_015_hd,icon_dj_cp_sp_06_015_hd
503616,暂无名称,阿巴阿巴,1,3,6,1,1,1,99999,42,11,icon_cp_sp_06_016_hd,icon_dj_cp_sp_06_016_hd
503617,暂无名称,阿巴阿巴,1,3,6,1,1,1,99999,42,11,icon_cp_sp_06_017_hd,icon_dj_cp_sp_06_017_hd
504602,暂无名称,阿巴阿巴,1,4,6,1,1,1,99999,42,11,icon_cp_zh_06_002_hd,icon_dj_cp_zh_06_002_hd
504603,暂无名称,阿巴阿巴,1,4,6,1,1,1,99999,42,11,icon_cp_zh_06_003_hd,icon_dj_cp_zh_06_003_hd
504604,暂无名称,阿巴阿巴,1,4,6,1,1,1,99999,42,11,icon_cp_zh_06_004_hd,icon_dj_cp_zh_06_004_hd
504605,暂无名称,阿巴阿巴,1,4,6,1,1,1,99999,42,11,icon_cp_zh_06_005_hd,icon_dj_cp_zh_06_005_hd
504606,暂无名称,阿巴阿巴,1,4,6,1,1,1,99999,42,11,icon_cp_zh_06_006_hd,icon_dj_cp_zh_06_006_hd
505601,青皮料原石,一块尚待切解的青皮料原石，表面覆有青色皮壳，内里质地尚未可知--化石周活动专属,1,5,6,2,2,4,64600,27,7,icon_cp_hs_06_001_hd,icon_dj_cp_hs_06_001_hd
505602,黄沙皮原石,一块尚待切解的黄沙皮原石，外层呈黄沙色皮壳，内里质地尚未可知--化石周活动专属,1,5,6,2,2,4,108500,45,12,icon_cp_hs_06_002_hd,icon_dj_cp_hs_06_002_hd
505603,色带料原石,一块尚待切解的色带料原石，表面带有自然色纹，纹带交错隐现--化石周活动专属,1,5,6,2,2,4,176400,74,19,icon_cp_hs_06_003_hd,icon_dj_cp_hs_06_003_hd
505604,高冰种原石,一块尚待切解的高冰种原石，质地通透，内部光泽若隐若现--化石周活动专属,1,5,6,2,2,4,242900,101,27,icon_cp_hs_06_004_hd,icon_dj_cp_hs_06_004_hd
505605,帝王绿原石,一块尚待切解的帝王绿原石，表面显露浓翠色泽，内里仍待探明--化石周活动专属,1,5,6,2,2,4,609700,254,67,icon_cp_hs_06_005_hd,icon_dj_cp_hs_06_005_hd
506601,暂无名称,阿巴阿巴,1,6,6,1,1,1,99999,42,11,icon_cp_mn_06_001_hd,icon_dj_cp_mn_06_001_hd
506602,暂无名称,阿巴阿巴,1,6,6,1,1,1,99999,42,11,icon_cp_mn_06_002_hd,icon_dj_cp_mn_06_002_hd
506603,暂无名称,阿巴阿巴,1,6,6,1,1,1,99999,42,11,icon_cp_mn_06_003_hd,icon_dj_cp_mn_06_003_hd
506604,暂无名称,阿巴阿巴,1,6,6,1,1,1,99999,42,11,icon_cp_mn_06_004_hd,icon_dj_cp_mn_06_004_hd
506605,暂无名称,阿巴阿巴,1,6,6,1,1,1,99999,42,11,icon_cp_mn_06_005_hd,icon_dj_cp_mn_06_005_hd
502607,心晶金奖杯,一座象征鉴宝荣誉的心晶金奖杯，通透杯身嵌有心形彩晶，珠宝周活动结算排行第1获得--珠宝周活动专属,1,2,6,2,2,4,9980000,4158,1100,icon_cp_zb_06_007_hd,icon_dj_cp_zb_06_007_hd
502608,心晶银奖杯,一座象征鉴宝荣誉的心晶银奖杯，通透杯身嵌有心形彩晶，珠宝周活动结算排行前3获得--珠宝周活动专属,1,2,6,2,2,4,7980000,3325,880,icon_cp_zb_06_008_hd,icon_dj_cp_zb_06_008_hd
502609,心晶铜奖杯,一座象征鉴宝荣誉的心晶铜奖杯，通透杯身嵌有心形彩晶，珠宝周活动结算排行前10获得--珠宝周活动专属,1,2,6,2,2,4,5980000,2492,660,icon_cp_zb_06_009_hd,icon_dj_cp_zb_06_009_hd
502610,估宝纪念胸针,一枚精致的紫翡胸针，紫色晶石镶嵌于华美底座，珠宝周活动参与奖励--珠宝周活动专属,1,2,6,2,2,4,198000,83,22,icon_cp_zb_06_010_hd,icon_dj_cp_zb_06_010_hd
505606,至尊玉龙奖杯,一座象征收藏成就的至尊玉龙奖杯，温润玉璧上盘绕着威严龙纹，化石周活动结算排行第1获得--化石周活动专属,1,5,6,2,2,4,9980000,4158,1100,icon_cp_hs_06_006_hd,icon_dj_cp_hs_06_006_hd
505607,玄玉凤凰奖杯,一座象征收藏成就的玄玉凤凰奖杯，深色玉璧上雕有舒展凤纹，化石周活动结算排行前3获得--化石周活动专属,1,5,6,2,2,4,7980000,3325,880,icon_cp_hs_06_007_hd,icon_dj_cp_hs_06_007_hd
505608,瑞云吉祥奖杯,一座象征收藏成就的祥云奖杯，温润玉面上浮雕祥瑞云纹，化石周活动结算排行前10获得--化石周活动专属,1,5,6,2,2,4,5980000,2492,660,icon_cp_hs_06_008_hd,icon_dj_cp_hs_06_008_hd
505609,赌石纪念如意,一柄温润通透的翡翠如意，如意头部雕有细腻纹饰，化石周活动参与奖励--化石周活动专属,1,5,6,1,2,2,198000,83,22,icon_cp_hs_06_009_hd,icon_dj_cp_hs_06_009_hd
503618,名车引擎,一件待组装的名车引擎部件，金属结构精密，机芯纹理隐约可见--S1名车盛典专属,1,3,6,3,3,9,280600,117,31,icon_cp_sp_06_001_mcbj,icon_dj_cp_sp_06_001_mcbj
503620,名车车身,一件待组装的名车车身部件，外壳线条流畅，材质质感尚未完全显现--S1名车盛典专属,1,3,6,4,3,12,231800,97,25,icon_cp_sp_06_003_mcbj,icon_dj_cp_sp_06_003_mcbj
503621,名车轮胎,一件待组装的名车轮胎部件，纹路深浅交错，表面富有光泽--S1名车盛典专属,1,3,6,2,2,4,136800,57,15,icon_cp_sp_06_004_mcbj,icon_dj_cp_sp_06_004_mcbj
503622,名车转向,一件待组装的名车转向部件，结构小巧精密，机械接口清晰可见--S1名车盛典专属,1,3,6,2,2,4,80250,33,9,icon_cp_sp_06_005_mcbj,icon_dj_cp_sp_06_005_mcbj
503623,名车座椅,一件待组装的名车座椅部件，包覆材质细腻，轮廓设计沉稳雅致--S1名车盛典专属,1,3,6,2,3,6,171100,71,19,icon_cp_sp_06_006_mcbj,icon_dj_cp_sp_06_006_mcbj
503624,普通涂装喷漆,一罐普通涂装喷漆，用于获得涂装名车，使用后可获得基础款名车--S1名车盛典专属,1,3,6,1,1,1,200000,83,22,icon_cp_sp_06_007_mcbj,icon_dj_cp_sp_06_007_mcbj
503625,高级涂装喷漆,一罐高级涂装喷漆，用于获得涂装名车，使用后有概率获得涂装款名车--S1名车盛典专属,1,3,6,1,1,1,600000,250,66,icon_cp_sp_06_008_mcbj,icon_dj_cp_sp_06_008_mcbj
503626,幻彩封神车,一辆幻彩封神车，车身流光变幻，造型凌厉夺目，S1名车盛典结算排行第1获得--S1名车盛典专属,1,3,6,3,2,6,36880000,15367,4100,icon_cp_sp_06_015_hd,icon_dj_cp_sp_06_015_hd
503627,黄金卫冕者,一辆黄金卫冕者，车身金色华贵，线条沉稳而充满力量，S1名车盛典结算排行前10获得--S1名车盛典专属,1,3,6,3,2,6,26880000,11200,3000,icon_cp_sp_06_014_hd,icon_dj_cp_sp_06_014_hd
503628,零号起跑线,一辆零号起跑线，车身设计简洁利落，充满蓄势待发的速度感，S1名车盛典结算排行前100获得--S1名车盛典专属,1,3,6,3,2,6,16880000,7033,1900,icon_cp_sp_06_013_hd,icon_dj_cp_sp_06_013_hd
501607,黄金虎符奖杯,一座象征鉴宝荣誉的黄金虎符奖杯，杯身饰有古朴虎形纹饰，古董周活动结算排行第1获得--古董周活动专属,1,1,6,2,2,4,9980000,4158,1100,icon_cp_gd_06_007_hd,icon_dj_cp_gd_06_007_hd
501608,白银虎符奖杯,一座象征鉴宝荣誉的白银虎符奖杯，杯身饰有规整虎形纹饰，古董周活动结算排行前3获得--古董周活动专属,1,1,6,2,2,4,7980000,3325,880,icon_cp_gd_06_008_hd,icon_dj_cp_gd_06_008_hd
501609,青铜虎符奖杯,一座象征鉴宝荣誉的青铜虎符奖杯，杯身饰有古拙虎形纹饰，古董周活动结算排行前10获得--古董周活动专属,1,1,6,2,2,4,5980000,2492,660,icon_cp_gd_06_009_hd,icon_dj_cp_gd_06_009_hd
501610,淘珍纪念古剑,一柄古朴的错金古剑，剑身刻有细密纹饰，古董周活动参与奖励--古董周活动专属,1,1,6,3,1,3,198000,83,22,icon_cp_gd_06_010_hd,icon_dj_cp_gd_06_010_hd
503629,宇航员·行者,基础款，行者在低重力月面提着采样袋稳步前行，每一步都要防止扬起的月尘干扰装备--登月计划活动专属,1,3,6,2,3,6,1180000,492,130,icon_cp_sp_06_029_hd,icon_dj_cp_sp_06_029_hd
503630,宇航员·采集员,基础款，采集员用采样铲收集月壤并封入标本盒，细小颗粒封存着月球漫长的撞击历史--登月计划活动专属,1,3,6,2,3,6,1180000,492,130,icon_cp_sp_06_030_hd,icon_dj_cp_sp_06_030_hd
503631,宇航员·摄影师,进阶款，摄影师举起特制相机记录月面，强烈阳光与深邃阴影让每一次取景都需精确校准--登月计划活动专属,1,3,6,2,3,6,6880000,2867,760,icon_cp_sp_06_031_hd,icon_dj_cp_sp_06_031_hd
503632,宇航员·观测员,进阶款，观测员手持观测仪追踪掠过天际的彗星，冰尘物质受太阳加热后形成明亮彗尾--登月计划活动专属,1,3,6,2,3,6,6880000,2867,760,icon_cp_sp_06_032_hd,icon_dj_cp_sp_06_032_hd
503633,宇航员·旗手,进阶款，旗手将任务旗固定在月壤中，旗帜依靠横向支杆展开于近乎无风的月面--登月计划活动专属,1,3,6,2,3,6,6880000,2867,760,icon_cp_sp_06_033_hd,icon_dj_cp_sp_06_033_hd
503634,宇航员·启航者,隐藏款，启航者迈出探索月面的关键一步，月壤足迹因缺少风雨侵蚀而能留存很久--登月计划活动专属,1,3,6,2,3,6,26880000,11200,3000,icon_cp_sp_06_034_hd,icon_dj_cp_sp_06_034_hd
501611,浑天仪,青铜浑天仪，星环层叠，推演日月星辰运行--登月计划活动专属,1,1,6,2,2,4,148100,62,16,icon_cp_gd_06_011_hd,icon_dj_cp_gd_06_011_hd
501612,天文望远镜,黄铜天文望远镜，木质支架，镜筒直指月面--登月计划活动专属,1,1,6,3,4,12,307500,128,34,icon_cp_gd_06_012_hd,icon_dj_cp_gd_06_012_hd
502611,阿波罗任务徽章,登月任务纪念徽章，金属压印图案，象征逐月使命--登月计划活动专属,1,2,6,1,1,1,235200,98,26,icon_cp_zb_06_011_hd,icon_dj_cp_zb_06_011_hd
504607,彗星观测图册,哈雷彗星观测图册，收录星轨图与历次回归记录--登月计划活动专属,1,4,6,3,2,6,188000,78,21,icon_cp_zh_06_007_hd,icon_dj_cp_zh_06_007_hd
505610,月球岩样标本,月球岩样密封标本，灰白岩体留存月面痕迹--登月计划活动专属,1,5,6,4,4,16,656700,274,72,icon_cp_hs_06_010_hd,icon_dj_cp_hs_06_010_hd
403608,特种兵·侦察,基础款，暗色战术涂装，标准战斗姿态，随处可见的经典款,1,3,6,3,3,9,1280000,533,1000,icon_cp_sp_06_008_hd,icon_dj_cp_sp_06_008_hd
403609,特种兵·暗袭,进阶款，全黑夜间涂装，隐匿于暗影之中，无声无息,1,3,6,3,3,9,8880000,3700,2700,icon_cp_sp_06_009_hd,icon_dj_cp_sp_06_009_hd
403610,特种兵·狙杀,进阶款，狙击姿态，配备高倍镜步枪，百步穿杨,1,3,6,3,3,9,8880000,3700,2700,icon_cp_sp_06_010_hd,icon_dj_cp_sp_06_010_hd
403611,特种兵·突击,进阶款，突击姿态，随时突破防线，冲锋在前,1,3,6,3,3,9,8880000,3700,2700,icon_cp_sp_06_011_hd,icon_dj_cp_sp_06_011_hd
403612,特种兵·传奇,隐藏款，纯金涂装，披风猎猎，极稀有现身，身份象征,1,3,6,3,3,9,68880000,28700,21000,icon_cp_sp_06_012_hd,icon_dj_cp_sp_06_012_hd
403626,幻彩封神车,一辆幻彩封神车，车身流光变幻，造型凌厉夺目，S1名车盛典结算排行第1获得--S1名车盛典专属,1,3,6,3,2,6,38880000,16200,12000,icon_cp_sp_06_015_hd,icon_dj_cp_sp_06_015_hd
403627,黄金卫冕者,一辆黄金卫冕者，车身金色华贵，线条沉稳而充满力量，S1名车盛典结算排行前10获得--S1名车盛典专属,1,3,6,3,2,6,28880000,12033,8700,icon_cp_sp_06_014_hd,icon_dj_cp_sp_06_014_hd
403628,零号起跑线,一辆零号起跑线，车身设计简洁利落，充满蓄势待发的速度感，S1名车盛典结算排行前100获得--S1名车盛典专属,1,3,6,3,2,6,18880000,7867,5700,icon_cp_sp_06_013_hd,icon_dj_cp_sp_06_013_hd
403629,宇航员·行者,基础款，行者在低重力月面提着采样袋稳步前行，每一步都要防止扬起的月尘干扰装备--登月计划活动专属,1,3,6,2,3,6,1180000,492,1000,icon_cp_sp_06_029_hd,icon_dj_cp_sp_06_029_hd
403630,宇航员·采集员,基础款，采集员用采样铲收集月壤并封入标本盒，细小颗粒封存着月球漫长的撞击历史--登月计划活动专属,1,3,6,2,3,6,1180000,492,1000,icon_cp_sp_06_030_hd,icon_dj_cp_sp_06_030_hd
403631,宇航员·摄影师,进阶款，摄影师举起特制相机记录月面，强烈阳光与深邃阴影让每一次取景都需精确校准--登月计划活动专属,1,3,6,2,3,6,6880000,2867,2100,icon_cp_sp_06_031_hd,icon_dj_cp_sp_06_031_hd
403632,宇航员·观测员,进阶款，观测员手持观测仪追踪掠过天际的彗星，冰尘物质受太阳加热后形成明亮彗尾--登月计划活动专属,1,3,6,2,3,6,6880000,2867,2100,icon_cp_sp_06_032_hd,icon_dj_cp_sp_06_032_hd
403633,宇航员·旗手,进阶款，旗手将任务旗固定在月壤中，旗帜依靠横向支杆展开于近乎无风的月面--登月计划活动专属,1,3,6,2,3,6,6880000,2867,2100,icon_cp_sp_06_033_hd,icon_dj_cp_sp_06_033_hd
403634,宇航员·启航者,隐藏款，启航者迈出探索月面的关键一步，月壤足迹因缺少风雨侵蚀而能留存很久--登月计划活动专属,1,3,6,2,3,6,26880000,11200,8100,icon_cp_sp_06_034_hd,icon_dj_cp_sp_06_034_hd
1001011,双鉴鉴定锤,随机显示2件藏品的品质,2,0,1,1,1,1,500,0,0,icon_gz_01_011,icon_dj_gz_01_011
1001021,单件放大镜,随机显示1件藏品的完整信息,2,0,1,1,1,1,500,0,0,icon_gz_01_021,icon_dj_gz_01_021
1001031,绿件数荧光棒,显示绿品品质藏品的总数量,2,0,1,1,1,1,500,0,0,icon_gz_02_041,icon_dj_gz_02_041
1001041,绿格数手电,显示绿品品质藏品占用的总格数,2,0,1,1,1,1,500,0,0,icon_gz_02_051,icon_dj_gz_02_051
1001051,古董件数投影灯,显示古董类藏品的数量,2,0,1,1,1,1,500,0,0,icon_gz_01_051,icon_dj_gz_01_051
1001052,珠宝件数投影灯,显示珠宝类藏品的数量,2,0,1,1,1,1,500,0,0,icon_gz_01_052,icon_dj_gz_01_052
1001053,奢品件数投影灯,显示奢品类藏品的数量,2,0,1,1,1,1,500,0,0,icon_gz_01_053,icon_dj_gz_01_053
1001054,字画件数投影灯,显示字画类藏品的数量,2,0,1,1,1,1,500,0,0,icon_gz_01_054,icon_dj_gz_01_054
1001055,化石件数投影灯,显示化石类藏品的数量,2,0,1,1,1,1,500,0,0,icon_gz_01_055,icon_dj_gz_01_055
1001056,茗酿件数投影灯,显示茗酿类藏品的数量,2,0,1,1,1,1,500,0,0,icon_gz_01_056,icon_dj_gz_01_056
1001061,盘点怀表·全品均格,显示所有藏品的平均格数,2,0,1,1,1,1,500,0,0,icon_gz_01_061,icon_dj_gz_01_061
1001071,绿估价平板,显示绿品品质藏品的总价值,2,0,1,1,1,1,500,0,0,icon_gz_01_071,icon_dj_gz_01_071
1002011,四件扫描枪,随机显示4件藏品的轮廓,2,0,2,1,1,1,1000,0,0,icon_gz_02_011,icon_dj_gz_02_011
1002021,四鉴鉴定锤,随机显示4件藏品的品质,2,0,2,1,1,1,1000,0,0,icon_gz_02_021,icon_dj_gz_02_021
1002031,双件放大镜,随机显示2件藏品的完整信息,2,0,2,1,1,1,1000,0,0,icon_gz_02_031,icon_dj_gz_02_031
1002041,蓝件数荧光棒,显示蓝品品质藏品的总数量,2,0,2,1,1,1,1000,0,0,icon_gz_03_044,icon_dj_gz_03_044
1002051,蓝格数手电,显示蓝品品质藏品占用的总格数,2,0,2,1,1,1,1000,0,0,icon_gz_03_045,icon_dj_gz_03_045
1002061,盘点怀表·绿均格,显示绿品品质藏品的平均格数,2,0,2,1,1,1,1000,0,0,icon_gz_02_061,icon_dj_gz_02_061
1002062,盘点怀表·蓝均格,显示蓝品品质藏品的平均格数,2,0,2,1,1,1,1000,0,0,icon_gz_02_062,icon_dj_gz_02_062
1002063,盘点怀表·紫均格,显示紫品品质藏品的平均格数,2,0,2,1,1,1,1000,0,0,icon_gz_02_063,icon_dj_gz_02_063
1002071,蓝估价平板,显示蓝品品质藏品的总价值,2,0,2,1,1,1,1000,0,0,icon_gz_02_071,icon_dj_gz_02_071
1003011,十件扫描枪,随机显示10件藏品的轮廓,2,0,3,1,1,1,2500,0,0,icon_gz_03_011,icon_dj_gz_03_011
1003021,扫描相机·巨物轮廓,显示随机1个格子占用最多藏品的轮廓,2,0,3,1,1,1,2500,0,0,icon_gz_03_023,icon_dj_gz_03_023
1003022,扫描相机·巨物品质,显示随机1个格子占用最多藏品的品质,2,0,3,1,1,1,2500,0,0,icon_gz_03_022,icon_dj_gz_03_022
1003023,扫描相机·巨物价值,显示随机1个格子占用最多藏品的价值,2,0,3,1,1,1,2500,0,0,icon_gz_03_021,icon_dj_gz_03_021
1003031,扫描仪·古董,显示古董类藏品的轮廓,2,0,3,1,1,1,2500,0,0,icon_gz_03_031,icon_dj_gz_03_031
1003032,扫描仪·珠宝,显示珠宝类藏品的轮廓,2,0,3,1,1,1,2500,0,0,icon_gz_03_032,icon_dj_gz_03_032
1003033,扫描仪·奢品,显示奢品类藏品的轮廓,2,0,3,1,1,1,2500,0,0,icon_gz_03_033,icon_dj_gz_03_033
1003034,扫描仪·字画,显示字画类藏品的轮廓,2,0,3,1,1,1,2500,0,0,icon_gz_03_034,icon_dj_gz_03_034
1003035,扫描仪·化石,显示化石类藏品的轮廓,2,0,3,1,1,1,2500,0,0,icon_gz_03_035,icon_dj_gz_03_035
1003036,扫描仪·茗酿,显示茗酿类藏品的轮廓,2,0,3,1,1,1,2500,0,0,icon_gz_03_036,icon_dj_gz_03_036
1003041,六鉴鉴定锤,随机显示6件藏品的品质,2,0,3,1,1,1,2500,0,0,icon_gz_03_041,icon_dj_gz_03_041
1003042,透视镜·至宝轮廓,显示随机1个最高品质藏品的轮廓,2,0,3,1,1,1,2500,0,0,icon_gz_03_042,icon_dj_gz_03_042
1003043,透视镜·至宝格数,显示随机1个最高品质藏品的格子数量,2,0,3,1,1,1,2500,0,0,icon_gz_03_043,icon_dj_gz_03_043
1003044,紫件数荧光棒,显示紫品品质藏品的总数量,2,0,3,1,1,1,2500,0,0,icon_gz_04_051,icon_dj_gz_04_051
1003045,紫格数手电,显示紫品品质藏品占用的总格数,2,0,3,1,1,1,2500,0,0,icon_gz_04_061,icon_dj_gz_04_061
1003046,盘点怀表·橙均格,显示橙品品质藏品的平均格数,2,0,3,1,1,1,2500,0,0,icon_gz_03_046,icon_dj_gz_03_046
1003047,紫估价平板,显示紫品品质藏品的总价值,2,0,3,1,1,1,2500,0,0,icon_gz_03_047,icon_dj_gz_03_047
1004011,扫描相机·巨物全览,显示随机1个格子占用最多藏品的完整信息,2,0,4,1,1,1,5000,0,0,icon_gz_04_011,icon_dj_gz_04_011
1004021,八鉴鉴定锤,随机显示8件藏品的品质,2,0,4,1,1,1,5000,0,0,icon_gz_04_021,icon_dj_gz_04_021
1004022,十鉴鉴定锤,随机显示10件藏品的品质,2,0,4,1,1,1,5000,0,0,icon_gz_04_022,icon_dj_gz_04_022
1004031,四件放大镜,随机显示4件藏品的完整信息,2,0,4,1,1,1,5000,0,0,icon_gz_04_031,icon_dj_gz_04_031
1004041,透视镜·至宝价值,显示随机1个最高品质藏品的价值,2,0,4,1,1,1,5000,0,0,icon_gz_04_041,icon_dj_gz_04_041
1004051,全品件数荧光棒,显示所有藏品的总数量,2,0,4,1,1,1,5000,0,0,icon_gz_01_031,icon_dj_gz_01_031
1004052,橙件数荧光棒,显示橙品品质藏品的总数量,2,0,4,1,1,1,5000,0,0,icon_gz_04_052,icon_dj_gz_04_052
1004061,橙格数手电,显示橙品品质藏品占用的总格数,2,0,4,1,1,1,5000,0,0,icon_gz_05_051,icon_dj_gz_05_051
1004071,盘点怀表·红均格,显示红品品质藏品的平均格数,2,0,4,1,1,1,5000,0,0,icon_gz_04_071,icon_dj_gz_04_071
1004081,竞价手表·单格均价,显示占位1格藏品的平均价值,2,0,4,1,1,1,5000,0,0,icon_gz_04_081,icon_dj_gz_04_081
1004082,竞价手表·双格均价,显示占位2格藏品的平均价值,2,0,4,1,1,1,5000,0,0,icon_gz_04_082,icon_dj_gz_04_082
1004083,竞价手表·三格均价,显示占位3格藏品的平均价值,2,0,4,1,1,1,5000,0,0,icon_gz_04_083,icon_dj_gz_04_083
1004084,竞价手表·四格均价,显示占位4格藏品的平均价值,2,0,4,1,1,1,5000,0,0,icon_gz_04_084,icon_dj_gz_04_084
1004085,竞价手表·六格均价,显示占位6格藏品的平均价值,2,0,4,1,1,1,5000,0,0,icon_gz_04_085,icon_dj_gz_04_085
1004091,橙估价平板,显示橙品品质藏品的总价值,2,0,4,1,1,1,5000,0,0,icon_gz_04_091,icon_dj_gz_04_091
1005011,全域扫描枪,显示所有藏品的轮廓,2,0,5,1,1,1,20000,0,0,icon_gz_05_011,icon_dj_gz_05_011
1005021,十五鉴鉴定锤,随机显示15件藏品的品质,2,0,5,1,1,1,20000,0,0,icon_gz_05_021,icon_dj_gz_05_021
1005031,六件放大镜,随机显示6件藏品的完整信息,2,0,5,1,1,1,20000,0,0,icon_gz_05_031,icon_dj_gz_05_031
1005041,透视镜·至宝全览,显示随机1个最高品质藏品的完整信息,2,0,5,1,1,1,20000,0,0,icon_gz_05_041,icon_dj_gz_05_041
1005051,总仓格数手电,显示所有藏品占用的总格数,2,0,5,1,1,1,20000,0,0,icon_gz_01_041,icon_dj_gz_01_041
1005052,红格数手电,显示红品品质藏品占用的总格数,2,0,5,1,1,1,20000,0,0,icon_gz_06_061,icon_dj_gz_06_061
1005061,红件数荧光棒,显示红品品质藏品的总数量,2,0,5,1,1,1,20000,0,0,icon_gz_06_051,icon_dj_gz_06_051
1006011,全品鉴定锤,显示所有藏品的品质,2,0,6,1,1,1,50000,0,0,icon_gz_05_061,icon_dj_gz_05_061
1006021,全藏放大镜,显示所有藏品的完整信息,2,0,6,1,1,1,50000,0,0,icon_gz_06_041,icon_dj_gz_06_041
1006022,八件放大镜,随机显示8件藏品的完整信息,2,0,6,1,1,1,50000,0,0,icon_gz_05_071,icon_dj_gz_05_071
1006023,十件放大镜,随机显示10件藏品的完整信息,2,0,6,1,1,1,50000,0,0,icon_gz_06_031,icon_dj_gz_06_031
1006031,全品估价平板,显示所有藏品的总价值,2,0,6,1,1,1,50000,0,0,icon_gz_06_072,icon_dj_gz_06_072
1006032,红估价平板,显示红品品质藏品的总价值,2,0,6,1,1,1,50000,0,0,icon_gz_06_071,icon_dj_gz_06_071
1006041,专车油箱,一次性加满专车油箱,2,0,6,1,1,1,50000,0,0,,
3000010,普通通用扩容箱,"通用扩容箱，可放入任意种类藏品，用于扩容仓库，扩容箱大小10x5,",3,0,4,3,3,9,200000,0,0,icon_ck_bx_01,icon_dj_ck_bx_01
3000020,高级通用扩容箱,"通用扩容箱，可放入任意种类藏品，用于扩容仓库，扩容箱大小10x7,",3,0,5,3,3,9,500000,0,0,icon_ck_bx_02,icon_dj_ck_bx_02
3000030,豪华通用扩容箱,"通用扩容箱，可放入任意种类藏品，用于扩容仓库，扩容箱大小10x10,",3,0,6,3,3,9,1000000,0,0,icon_ck_bx_03,icon_dj_ck_bx_03
3000040,至尊通用扩容箱,"通用扩容箱，可放入任意种类藏品，用于扩容仓库，扩容箱大小10x20,",3,0,6,3,3,9,1500000,0,0,icon_ck_bx_04,icon_dj_ck_bx_04
2041001,OLD1双鉴鉴定锤,随机显示2件藏品的品质,2,0,1,1,1,1,1000,0,0,icon_gz_05_011,icon_dj_gz_05_011
2051001,OLD单件放大镜,随机显示1件藏品的完整信息,2,0,1,1,1,1,1000,0,0,icon_gz_02_011,icon_dj_gz_02_011
2071001,OLD绿件数荧光棒,显示绿品品质藏品的总数量,2,0,1,1,1,1,1000,0,0,icon_gz_03_011,icon_dj_gz_03_011
2081002,OLD绿格数手电,显示绿品品质藏品占用的总格数,2,0,1,1,1,1,1000,0,0,icon_gz_02_022,icon_dj_gz_02_022
2093003,OLD古董件数投影灯,显示古董类藏品的数量,2,0,1,1,1,1,999999,0,0,icon_gz_02_023,icon_dj_gz_02_023
2093004,OLD珠宝件数投影灯,显示珠宝类藏品的数量,2,0,1,1,1,1,999999,0,0,icon_gz_03_022,icon_dj_gz_03_022
2093005,OLD奢品件数投影灯,显示奢品类藏品的数量,2,0,1,1,1,1,999999,0,0,icon_gz_03_023,icon_dj_gz_03_023
2093006,OLD字画件数投影灯,显示字画类藏品的数量,2,0,1,1,1,1,999999,0,0,icon_gz_03_034,icon_dj_gz_03_034
2093007,OLD化石件数投影灯,显示化石类藏品的数量,2,0,1,1,1,1,999999,0,0,icon_gz_03_035,icon_dj_gz_03_035
2093008,OLD茗酿件数投影灯,显示茗酿类藏品的数量,2,0,1,1,1,1,999999,0,0,icon_gz_03_036,icon_dj_gz_03_036
2103001,OLD盘点怀表·全品均格,显示所有藏品的平均格数,2,0,1,1,1,1,999999,0,0,icon_gz_03_037,icon_dj_gz_03_037
2121001,OLD绿估价平板,显示绿品品质藏品的总价值,2,0,1,1,1,1,1000,0,0,icon_gz_03_038,icon_dj_gz_03_038
2012001,OLD四件扫描枪,随机显示4件藏品的轮廓,2,0,2,1,1,1,2500,0,0,icon_gz_03_039,icon_dj_gz_03_039
2042001,OLD四鉴鉴定锤,随机显示4件藏品的品质,2,0,2,1,1,1,2500,0,0,icon_gz_06_041,icon_dj_gz_06_041
2052001,OLD双件放大镜,随机显示2件藏品的完整信息,2,0,2,1,1,1,2500,0,0,icon_gz_01_041,icon_dj_gz_01_041
2072001,OLD蓝件数荧光棒,显示蓝品品质藏品的总数量,2,0,2,1,1,1,2500,0,0,icon_gz_02_041,icon_dj_gz_02_041
2082002,OLD蓝格数手电,显示蓝品品质藏品占用的总格数,2,0,2,1,1,1,2500,0,0,icon_gz_03_041,icon_dj_gz_03_041
2101001,OLD盘点怀表·绿均格,显示绿品品质藏品的平均格数,2,0,2,1,1,1,2500,0,0,icon_gz_04_041,icon_dj_gz_04_041
2102001,OLD盘点怀表·蓝均格,显示蓝品品质藏品的平均格数,2,0,2,1,1,1,2500,0,0,icon_gz_05_041,icon_dj_gz_05_041
2102002,OLD盘点怀表·紫均格,显示紫品品质藏品的平均格数,2,0,2,1,1,1,2500,0,0,icon_gz_06_042,icon_dj_gz_06_042
2122001,OLD蓝估价平板,显示蓝品品质藏品的总价值,2,0,2,1,1,1,2500,0,0,icon_gz_06_051,icon_dj_gz_06_051
2013001,OLD十件扫描枪,随机显示10件藏品的轮廓,2,0,3,1,1,1,10000,0,0,icon_gz_01_051,icon_dj_gz_01_051
2022002,OLD扫描相机·巨物轮廓,显示随机1个格子占用最多藏品的轮廓,2,0,3,1,1,1,10000,0,0,icon_gz_02_051,icon_dj_gz_02_051
2022003,OLD扫描相机·巨物品质,显示随机1个格子占用最多藏品的品质,2,0,3,1,1,1,10000,0,0,icon_gz_03_051,icon_dj_gz_03_051
2023002,OLD扫描相机·巨物价值,显示随机1个格子占用最多藏品的价值,2,0,3,1,1,1,10000,0,0,icon_gz_04_051,icon_dj_gz_04_051
2033004,OLD扫描仪·古董,显示古董类藏品的轮廓,2,0,3,1,1,1,10000,0,0,icon_gz_05_051,icon_dj_gz_05_051
2033005,OLD扫描仪·珠宝,显示珠宝类藏品的轮廓,2,0,3,1,1,1,10000,0,0,icon_gz_06_052,icon_dj_gz_06_052
2033006,OLD扫描仪·奢品,显示奢品类藏品的轮廓,2,0,3,1,1,1,10000,0,0,icon_gz_04_062,icon_dj_gz_04_062
2033007,OLD扫描仪·字画,显示字画类藏品的轮廓,2,0,3,1,1,1,10000,0,0,icon_gz_04_063,icon_dj_gz_04_063
2033008,OLD扫描仪·化石,显示化石类藏品的轮廓,2,0,3,1,1,1,10000,0,0,icon_gz_04_064,icon_dj_gz_04_064
2033009,OLD扫描仪·茗酿,显示茗酿类藏品的轮廓,2,0,3,1,1,1,10000,0,0,icon_gz_05_062,icon_dj_gz_05_062
2043001,OLD六鉴鉴定锤,随机显示6件藏品的品质,2,0,3,1,1,1,10000,0,0,icon_gz_04_071,icon_dj_gz_04_071
2064002,OLD透视镜·至宝轮廓,显示随机1个最高品质藏品的轮廓,2,0,3,1,1,1,10000,0,0,icon_gz_01_071,icon_dj_gz_01_071
2064003,OLD透视镜·至宝格数,显示随机1个最高品质藏品的格子数量,2,0,3,1,1,1,10000,0,0,icon_gz_02_071,icon_dj_gz_02_071
2073001,OLD紫件数荧光棒,显示紫品品质藏品的总数量,2,0,3,1,1,1,10000,0,0,icon_gz_03_071,icon_dj_gz_03_071
2083002,OLD紫格数手电,显示紫品品质藏品占用的总格数,2,0,3,1,1,1,10000,0,0,icon_gz_04_072,icon_dj_gz_04_072
2103002,OLD盘点怀表·橙均格,显示橙品品质藏品的平均格数,2,0,3,1,1,1,10000,0,0,icon_gz_05_071,icon_dj_gz_05_071
2123001,OLD紫估价平板,显示紫品品质藏品的总价值,2,0,3,1,1,1,10000,0,0,icon_gz_05_082,icon_dj_gz_05_082
2023003,OLD扫描相机·巨物全览,显示随机1个格子占用最多藏品的完整信息,2,0,4,1,1,1,25000,0,0,icon_gz_01_082,icon_dj_gz_01_082
2044001,OLD八鉴鉴定锤,随机显示8件藏品的品质,2,0,4,1,1,1,25000,0,0,icon_gz_02_082,icon_dj_gz_02_082
2045001,OLD十鉴鉴定锤,随机显示10件藏品的品质,2,0,4,1,1,1,25000,0,0,icon_gz_03_082,icon_dj_gz_03_082
2053001,OLD四件放大镜,随机显示4件藏品的完整信息,2,0,4,1,1,1,25000,0,0,icon_gz_04_083,icon_dj_gz_04_083
2064004,OLD透视镜·至宝价值,显示随机1个最高品质藏品的价值,2,0,4,1,1,1,25000,0,0,icon_gz_05_083,icon_dj_gz_05_083
2074001,OLD全品件数荧光棒,显示所有藏品的总数量,2,0,4,1,1,1,25000,0,0,icon_gz_03_093,icon_dj_gz_03_093
2074002,OLD橙件数荧光棒,显示橙品品质藏品的总数量,2,0,4,1,1,1,25000,0,0,icon_gz_03_094,icon_dj_gz_03_094
2084003,OLD橙格数手电,显示橙品品质藏品占用的总格数,2,0,4,1,1,1,25000,0,0,icon_gz_03_095,icon_dj_gz_03_095
2105001,OLD盘点怀表·红均格,显示红品品质藏品的平均格数,2,0,4,1,1,1,25000,0,0,icon_gz_03_096,icon_dj_gz_03_096
2114001,OLD竞价手表·单格均价,显示占位1格藏品的平均价值,2,0,4,1,1,1,25000,0,0,icon_gz_03_097,icon_dj_gz_03_097
2114002,OLD竞价手表·双格均价,显示占位2格藏品的平均价值,2,0,4,1,1,1,25000,0,0,icon_gz_03_098,icon_dj_gz_03_098
2114003,OLD竞价手表·三格均价,显示占位3格藏品的平均价值,2,0,4,1,1,1,25000,0,0,icon_gz_03_101,icon_dj_gz_03_101
2114004,OLD竞价手表·四格均价,显示占位4格藏品的平均价值,2,0,4,1,1,1,25000,0,0,icon_gz_01_101,icon_dj_gz_01_101
2114005,OLD竞价手表·六格均价,显示占位6格藏品的平均价值,2,0,4,1,1,1,25000,0,0,icon_gz_02_101,icon_dj_gz_02_101
2124001,OLD橙估价平板,显示橙品品质藏品的总价值,2,0,4,1,1,1,25000,0,0,icon_gz_02_102,icon_dj_gz_02_102
2015001,OLD全域扫描枪,显示所有藏品的轮廓,2,0,5,1,1,1,50000,0,0,icon_gz_03_102,icon_dj_gz_03_102
2046002,OLD十五鉴鉴定锤,随机显示15件藏品的品质,2,0,5,1,1,1,50000,0,0,icon_gz_05_101,icon_dj_gz_05_101
2054001,OLD六件放大镜,随机显示6件藏品的完整信息,2,0,5,1,1,1,50000,0,0,icon_gz_04_111,icon_dj_gz_04_111
2065002,OLD透视镜·至宝全览,显示随机1个最高品质藏品的完整信息,2,0,5,1,1,1,50000,0,0,icon_gz_04_112,icon_dj_gz_04_112
2085002,OLD总仓格数手电,显示所有藏品占用的总格数,2,0,5,1,1,1,50000,0,0,icon_gz_04_113,icon_dj_gz_04_113
2046001,OLD全品鉴定锤,显示所有藏品的品质,2,0,6,1,1,1,100000,0,0,icon_gz_04_114,icon_dj_gz_04_114
2056001,OLD全藏放大镜,显示所有藏品的完整信息,2,0,6,1,1,1,250000,0,0,icon_gz_04_115,icon_dj_gz_04_115
2055001,OLD八件放大镜,随机显示8件藏品的完整信息,2,0,6,1,1,1,100000,0,0,icon_gz_06_121,icon_dj_gz_06_121
2056002,OLD十件放大镜,随机显示10件藏品的完整信息,2,0,6,1,1,1,100000,0,0,icon_gz_01_121,icon_dj_gz_01_121
2075001,OLD红件数荧光棒,显示红品品质藏品的总数量,2,0,6,1,1,1,100000,0,0,icon_gz_02_121,icon_dj_gz_02_121
2085003,OLD红格数手电,显示红品品质藏品占用的总格数,2,0,6,1,1,1,100000,0,0,icon_gz_03_121,icon_dj_gz_03_121
2126001,OLD全品估价平板,显示所有藏品的总价值,2,0,6,1,1,1,250000,0,0,icon_gz_04_121,icon_dj_gz_04_121
2126002,OLD红估价平板,显示红品品质藏品的总价值,2,0,6,1,1,1,250000,0,0,icon_gz_06_122,icon_dj_gz_06_122
900001,霸王龙化石仿品,白垩纪霸王龙骨架残件，牙齿锋利，博物馆级别,1,5,5,3,2,6,22888,8,2,icon_cp_hs_05_001,icon_dj_cp_hs_05_001
